CPU,translated,scaled,one_sec,two_sec,two_half_sec,five_sec,ten_sec
18.26088888888889,11.214387344645106,1.1223263350199686,1.0675941607632184,1.027417942642609,1.0972309325692098,1.4249612317493487,1.6482622755698793
17.16711111111111,10.120609566867328,1.0128619865064683,1.0257314236607034,1.0972309325692098,1.18588030087438,1.4396722600204492,1.7000975556205982
16.459111111111106,9.412609566867323,0.9420059494556731,1.027417942642609,1.18588030087438,1.2145580073177251,1.4494294715369458,1.7540380503803759
17.36311111111111,10.316609566867326,1.0324774995883266,1.0909570819565202,1.2145580073177251,1.2806459877994238,1.4686754616094129,1.7905784989652451
20.800444444444445,13.753942900200661,1.376482892275613,1.2450233709299605,1.2806459877994238,1.3514062701094878,1.4501538539442447,1.8010909190750597
23.32488888888889,16.278387344645104,1.6291271424002294,1.3561779450604916,1.3800412619956777,1.4249612317493487,1.4654095168881378,1.8066399742553936
20.90177777777777,13.855276233533987,1.3866242459777975,1.5338740329562388,1.5143029994958812,1.4714068525204973,1.4776517913792115,1.804693340727957
24.465333333333337,17.418831789089552,1.7432618511713154,1.6691254420348351,1.594900073655354,1.5257965336916912,1.4983361236012513,1.7937544585416825
26.206222222222216,19.159720677978434,1.9174885285899985,1.783582628061802,1.6604352359841141,1.6015586729940257,1.5296163447425777,1.76688688441989
27.89955555555556,20.853054011311777,2.0869558865080964,1.8336222022502164,1.7008282922595397,1.6192482184648989,1.5865297111987142,1.7395224954051434
22.901777777777777,15.855276233533994,1.586782542731456,1.7869964390119897,1.6483590187466435,1.6494988090476017,1.6482622755698793,1.7150380486749994
22.60177777777778,15.555276233533997,1.5567587982184075,1.7325311424842442,1.6849045877622488,1.6527146856821104,1.728986116650629,1.6903397105443483
24.029333333333327,16.982831789089545,1.6996273424790174,1.5131354094314848,1.6746575949589988,1.6969808049997197,1.8226824393420915,1.6728381004419814
19.13066666666666,12.084165122422876,1.2093729542970586,1.536186973274281,1.6636322087794853,1.7287926302971008,1.9053055602609263,1.6638347258440456
23.82311111111111,16.77660956686733,1.6789887981026408,1.5623187509060084,1.6604352359841141,1.7981408081790182,1.9558255143615497,1.6489886016245043
23.646222222222217,16.599720677978432,1.6612859087453167,1.594733275074726,1.7884587065688287,1.87156331939041,1.9839922346769394,1.636227360838088
25.324888888888903,18.278387344645118,1.8292854391538884,1.8077350625367434,1.9465114816192794,1.9865653807807615,1.9903372526840304,1.6378303216738888
27.644,20.597498455756217,2.0613801041451283,2.0407304398633768,2.0761584583887736,2.119568344992492,1.9964732164700674,1.634535623944342
33.13555555555556,26.08905401131178,2.6109703074091724,2.3307042123325505,2.2858353941436054,2.209052447527827,1.9613832430680762,1.6268481470564904
35.236000000000004,28.189498455756222,2.821180998622013,2.5575836417028213,2.4002703403598216,2.2924028102582,1.9141747967881884,1.6204901123072641
34.39288888888889,27.34638734464511,2.7368031566349713,2.7639357257504673,2.4479691744667558,2.318485660306277,1.860076457137825,1.6205492473937977
35.89155555555556,28.84505401131178,2.8867884403357125,2.7598102408562664,2.4617856568954455,2.32795981968595,1.8282068083324927,1.6356901105526744
32.970666666666666,25.924165122422885,2.59446836783237,2.565234136600961,2.4236165816950606,2.295965627940415,1.8068832777850026,1.6510644917244306
27.459111111111117,20.41260956686733,2.0428765816007908,2.3659876720880697,2.2859132334812315,2.193973855839052,1.790688247596557,1.6758307449760828
26.42933333333333,19.382831789089543,1.9398172985834063,2.083297437639654,2.0634484065449166,2.030208785397359,1.7881729250006864,1.7019280509011474
24.592888888888886,17.546387344645105,1.7560275025420484,1.8120162261061967,1.8430129623395757,1.8485895948852398,1.7643407438005503,1.7228279130538418
22.128,15.081498455756217,1.5093435216985407,1.5616626764888717,1.6077880439852148,1.6698482358842237,1.7659731459096306,1.742276627555072
17.452888888888893,10.40638734464511,1.0414623831314913,1.3200382525910817,1.4021531938342695,1.494198210577514,1.750305199235969,1.7737137120413091
16.772000000000002,9.725498455756219,0.973319602992246,1.1322786503307753,1.2880796445427474,1.372324047665287,1.7143567691390118,1.7931679864952272
17.088444444444438,10.041942900200654,1.0049890935008237,0.9922901615623423,1.217568324558584,1.283943039743172,1.6527524933603863,1.8068476940878022
16.532888888888888,9.486387344645104,0.9493895666248083,1.014496612596623,1.1429481995382829,1.2101958272948243,1.5928362192177163,1.8150330564344894
18.340444444444447,11.293942900200664,1.1302881872686144,1.1150983965260863,1.1045734060884567,1.203986472133311,1.5423941044547196,1.8356849446973165
20.79288888888889,13.746387344645106,1.375726738710099,1.1536177487457904,1.1861323520628844,1.2046447705315226,1.4794465441067692,1.8455394048408216
18.628,11.581498455756217,1.15906650237964,1.2168566506145708,1.253958214898936,1.2347396824389725,1.4463559296912396,1.8516186571094455
19.06044444444444,12.013942900200655,1.2023451740999302,1.3577680915291457,1.2961360159870818,1.2752962013234135,1.448030587440745,1.8727587092182438
23.97244444444444,16.92594290020066,1.6939339509269138,1.3928180332717859,1.3498229191385631,1.3370828435501925,1.4616635914307443,1.892037289167234
22.19377777777777,15.147276233533985,1.5159265056806601,1.4386542832283733,1.4113938352010629,1.4149399730252152,1.4942160024261142,1.9130894940235688
20.459999999999987,13.413498455756203,1.342411502205989,1.482789187662555,1.45542310053418,1.4646948776360245,1.5509542076125509,1.930085157399029
20.824444444444445,13.777942900200662,1.378884791836657,1.46501957887298,1.5140194419088133,1.520387811717192,1.6249527299223783,1.9461745484864106
23.262222222222217,16.21572067797843,1.6228555157686144,1.518028167796574,1.605308305086544,1.6121181351383183,1.6995205913874156,1.943780432859129
24.31244444444444,17.265942900200656,1.7279608613750352,1.5893846005892531,1.6531127782945425,1.7131313555666643,1.7699896557311532,1.934643206612325
23.311999999999998,16.265498455756216,1.627837233376706,1.727827422510533,1.7401816373823837,1.7844455327189173,1.8431630810621407,1.9162753469135645
26.357777777777777,19.311276233533995,1.9326560795217762,1.841205977716105,1.8732646649128157,1.897263644693579,1.8841955318966401,1.88840664006223
27.793777777777777,20.747276233533995,2.076369736590902,1.9623351069681934,2.0314175191116433,2.015165777405784,1.9125490666223335,1.8521601965012178
29.153777777777776,22.107276233533995,2.2124773783833893,2.1571447292363786,2.143739683306571,2.1237449814514178,1.9573444934358022,1.8154856365832601
31.098222222222223,24.051720677978437,2.4070757224494455,2.3350076157127537,2.235829179671316,2.2028964679121144,2.019733834533917,1.7746033044713254
33.46666666666667,26.420165122422887,2.644107625427277,2.446273388897037,2.334145823046175,2.271386189099066,2.060205842137507,1.7327935722510985
32.24088888888888,25.1943873446451,2.5214328293280346,2.509323252374439,2.394171072261522,2.3036961861572562,2.1098651155620893,1.6925450747455506
31.67377777777778,24.627276233533998,2.4646768322929984,2.511146916855972,2.3784920056824856,2.304710321527475,2.177992327833809,1.663386458870693
31.17111111111111,24.124609566867328,2.414370380375579,2.4533345288102906,2.3447820125375576,2.302570851733286,2.2348083723578727,1.632612120744818
31.156,24.109498455756217,2.4128580732445513,2.310710622467935,2.3007694270625034,2.3263363135011703,2.2764501940069337,1.5975621790021777
26.540444444444443,19.493942900200658,1.95093720395861,2.180240772700676,2.2765224733918723,2.335966151556096,2.290156589372409,1.5613824548734168
26.45911111111112,19.41260956686734,1.9427974332239626,2.0903919372690334,2.274265132600706,2.3224665864305996,2.2973667360176906,1.5170662959816195
27.58,20.533498455756217,2.0549750386490113,2.099710417973454,2.27981952533562,2.3408188782618344,2.257964463311196,1.4668143316005386
31.52844444444444,24.481942900200657,2.450131996062232,2.237819642733478,2.3161426962437215,2.345871763264327,2.1829406857257747,1.4204254223468031
32.06044444444444,25.01394290020066,2.503374102998705,2.3793982779705645,2.3289361473778927,2.3500039201017526,2.0875430175119063,1.3728856028867347
32.117777777777775,25.071276233533993,2.50911197417231,2.5418934552184087,2.3920304904767953,2.3089269896457525,1.9713711420760838,1.3130560640059914
34.074666666666666,27.028165122422884,2.7049557476403887,2.5581618767823313,2.3994419074093685,2.291037285878125,1.8341359418785508,1.2581237314524876
32.178666666666665,25.132165122422883,2.515205682317921,2.5462413382201134,2.3640750483635347,2.2112186050949165,1.701820187819008,1.2073735953105977
31.584000000000003,24.53749845575622,2.4556919487498345,2.4194855368481725,2.2008848770297402,2.0633105197182635,1.5657036501022206,1.1554202854071107
27.05155555555556,20.005054011311778,2.0020887686845454,2.1862566415086606,1.9599498872652126,1.848749721522643,1.4251347022732022,1.0977335522921692
24.752888888888883,17.7063873446451,1.7720401662823408,1.8436078772771494,1.6843763922569268,1.6067761325960714,1.2796018286846924,1.0372023473822505
18.48355555555556,11.437054011311778,1.1446106253918764,1.3736584363103113,1.3567117005185019,1.3458052973265024,1.1499370600665981,0.9788762197082347
12.800888888888885,5.754387344645101,0.575894184882483,0.9492672476656812,1.0297364429133393,1.0628214973761814,1.0210795965787436,0.9133021377106616
10.089333333333332,3.042831789089549,0.30452401410602437,0.5271667595283429,0.7071646678367571,0.7855355369401144,0.8835063512578045,0.8446545138673821
7.882222222222222,0.8357206779784381,0.08363821373298806,0.21586500854952925,0.4246968314958455,0.5002654844446515,0.726037371239552,0.7718613893002269
6.041333333333334,-1.0051682109104494,-0.10059637852337841,0.04067089936320298,0.1535657386849535,0.2502766677236332,0.5659062858744759,0.6988736663890056
5.798666666666668,-1.247834877577115,-0.12488225186282209,-0.09987358467399023,-0.05173551430473566,0.00883683425507129,0.4063823473428858,0.6258170000644581
4.472,-2.574501544243783,-0.25765392204274845,-0.22003528215843599,-0.20401705846545581,-0.16905941193742957,0.23675486278738617,0.5529360282448389
3.079555555555556,-3.9669459886882277,-0.39700857620479496,-0.31933603715900055,-0.3213765397953504,-0.29629781720265463,0.0760321984563492,0.47999945689834356
2.0724444444444443,-4.974057099799339,-0.49779939852563676,-0.44870501629411463,-0.4188925499831948,-0.3966749790435389,-0.08098308942259505,0.412460487620972
0.628,-6.418501544243783,-0.6423581684032783,-0.5428794949167105,-0.4937239532056248,-0.4749635608471195,-0.21575189460790778,0.34051469984340715
0.7080000000000001,-6.338501544243783,-0.6343518365331321,-0.6177498178079537,-0.5655196222606242,-0.5330406026407307,-0.33961429660122117,0.2759658731214276
0.0871111111111111,-6.959390433132673,-0.6964898677697676,-0.668111869252249,-0.6184837315627171,-0.589311771801409,-0.4313601878898726,0.21539574854269578
0.0595555555555555,-6.986945988688228,-0.699247604302818,-0.6823342282271339,-0.6548069024708184,-0.6334711400274159,-0.49363165799101055,0.15143294083398948
0.0595555555555555,-6.986945988688228,-0.699247604302818,-0.6940879682087238,-0.679987928192966,-0.6622316632898416,-0.5438202389114528,0.0771464129749445
0.2382222222222222,-6.808279322021561,-0.6813667964594912,-0.691863987133683,-0.6852698832461875,-0.6817804569394488,-0.5736238092980723,0.0008616381199755164
0.176,-6.870501544243783,-0.687593943469605,-0.6918639871336831,-0.6926368205572596,-0.6880654274575135,-0.5825019417496347,-0.07593798835386538
0.0595555555555555,-6.986945988688228,-0.699247604302818,-0.6882055382652412,-0.6937265712840295,-0.6936609638423159,-0.5959481313293302,-0.15600241904586593
0.2057777777777777,-6.840723766466006,-0.6846138088290505,-0.6911856729057957,-0.6926090207938217,-0.6909654987793666,-0.6057047363055336,-0.23258187139327782
0.1191111111111111,-6.927390433132673,-0.693287335021709,-0.695589155434376,-0.6888949723985038,-0.6909654987793666,-0.6002137270312582,-0.31093606063857215
0.0,-7.0465015442437835,-0.7052078735839269,-0.6933540544539603,-0.6911300733789196,-0.6722840577490252,-0.5985724289978782,-0.3780246737482481
0.1488888888888888,-6.897612655354894,-0.6903072003811546,-0.6895844065317663,-0.6692349796951446,-0.6319632808585385,-0.5980053138237429,-0.43980686801287705
0.3564444444444444,-6.690057099799339,-0.669535217140275,-0.6910744738520436,-0.6165989076016202,-0.6025844908572516,-0.5902880994933518,-0.4853161927514337
0.0595555555555555,-6.986945988688228,-0.699247604302818,-0.642880803955913,-0.5802479369300809,-0.5779383325836512,-0.5806404695898256,-0.5150441477815019
1.926222222222222,-5.120279322021561,-0.5124331939994042,-0.5398437607492801,-0.550185272748219,-0.5381957907726751,-0.5717445452896631,-0.5376909470686407
4.26711111111111,-2.779390433132673,-0.27815902755462324,-0.4709114673283955,-0.49793283739013927,-0.5153644010563078,-0.5641830096345248,-0.5567426809479764
3.111555555555555,-3.9349459886882285,-0.39380604345673653,-0.4092960716443945,-0.4697661170747495,-0.5079452001899722,-0.5582583240506166,-0.5694104771514079
2.522222222222222,-4.524279322021561,-0.45278602156681425,-0.35298487082436547,-0.4649511980472866,-0.4869152351443879,-0.5487597008791181,-0.5811742250478353
4.1768888888888895,-2.869612655354894,-0.2871883907192881,-0.39968847340021896,-0.4375461912500983,-0.4703154404002846,-0.5411959412429048,-0.5882097891787263
2.4004444444444446,-4.646057099799339,-0.46497343785803696,-0.45899092876617764,-0.436434200712578,-0.4525235917999595,-0.5408890318545492,-0.5925320963980678
0.7413333333333332,-6.30516821091045,-0.6310158649205712,-0.465796310855802,-0.4668304620556959,-0.4560819615200245,-0.5402974528885884,-0.5951964257259666
2.250222222222222,-4.796279322021562,-0.4800075499253117,-0.5198835306007904,-0.4861068180236106,-0.48455336724269477,-0.5399994394245329,-0.596173865408447
2.015111111111111,-5.031390433132673,-0.5035372696992417,-0.5339724507111728,-0.49986770092542454,-0.49493491090098446,-0.5392721976129946,-0.5971346252328644
1.8373333333333333,-5.20916821091045,-0.5213291182995667,-0.5132227072810436,-0.5261718370904678,-0.5044535499021584,-0.5364566375719932,-0.5966842690651688
1.5706666666666669,-5.475834877577117,-0.5480168912000544,-0.5339390909950472,-0.5365467088055323,-0.5435822729364234,-0.5315616552258288,-0.5959425713766426
1.4222222222222225,-5.624279322021561,-0.5628730847813259,-0.5324601435801452,-0.5424791783232032,-0.565230504720869,-0.5398615525978804,-0.5932726820960564
2.074222222222222,-4.972279322021562,-0.4976214800396336,-0.539120966899892,-0.5676602040453509,-0.5720536786590937,-0.5563190125531812,-0.5897954876852304
1.571111111111111,-5.475390433132673,-0.5479724115785537,-0.5717356493653629,-0.592123995870798,-0.5916291600816014,-0.5664003187663404,-0.5869777036631538
0.2671111111111111,-6.779390433132672,-0.6784756210619384,-0.6013813170956546,-0.6114281516021507,-0.6025978347437018,-0.5707148420519192,-0.5862348939840902
0.2373333333333333,-6.8091682109104505,-0.6814557557024928,-0.6517878481614507,-0.6195790422421746,-0.610599718651698,-0.5848504657648775,-0.5854097970052503
0.0595555555555555,-6.986945988688228,-0.699247604302818,-0.6837353363044094,-0.6243884013169501,-0.6236411436757364,-0.5918204224540549,-0.5852630142542975
0.2942222222222222,-6.752279322021561,-0.6757623641503888,-0.6674224351189865,-0.6469896089920505,-0.6280846578636676,-0.5943424169931509,-0.5847414906922005
0.919111111111111,-6.127390433132673,-0.613224016320246,-0.6473954855382454,-0.6544065858773112,-0.6378657266316963,-0.6039811509723771,-0.5843033664204176
1.0377777777777777,-6.008723766466006,-0.601347957379529,-0.6421913698226503,-0.6440261542095589,-0.6369761342016801,-0.6127280685405119,-0.5845268765184591
0.2675555555555555,-6.778945988688228,-0.6784311414404376,-0.6250778354502127,-0.6262287456565462,-0.6261186585933316,-0.6201405974636224,-0.5840876402561386
0.978222222222222,-6.068279322021562,-0.607308226660638,-0.6206298733001313,-0.6100604032410006,-0.6184103401872407,-0.622362354557588,-0.5884622110307436
1.096888888888889,-5.949612655354894,-0.5954321677199208,-0.6050620057748468,-0.6011366791774001,-0.6166311553272082,-0.6213326513198442,-0.5985457412249778
1.66,-5.386501544243783,-0.5390764872783911,-0.577929436659351,-0.609665646600181,-0.6163331418631528,-0.6251957064471898,-0.6035908422937075
1.352,-5.694501544243783,-0.5699008649784543,-0.5771955229045876,-0.6185949306164692,-0.6228583023373221,-0.6312738467252758,-0.6066332484043631
1.0075555555555555,-6.038945988688228,-0.6043725716415843,-0.5987014199002306,-0.6186004905691568,-0.6296814762755467,-0.6299305621559512,-0.6169347287439513
0.2373333333333334,-6.80916821091045,-0.6814557557024927,-0.6321278554580914,-0.626384424331799,-0.6210835654394395,-0.6302285756200068,-0.6219108863993548
0.324,-6.722501544243784,-0.6727822295098344,-0.6592715444789624,-0.6260119075017296,-0.6145806447760207,-0.629483541959868,-0.6225069133274655
0.2671111111111111,-6.779390433132672,-0.6784756210619384,-0.6755733257590103,-0.626412224095237,-0.6125256862626832,-0.6293345352278403,-0.6273207203643911
0.356,-6.690501544243784,-0.6695796967617759,-0.6533223951032288,-0.6270349387962484,-0.6255715592488715,-0.632597115464925,-0.6319176892465002
1.1266666666666665,-5.919834877577117,-0.5924520330793663,-0.6206965927323825,-0.6351802694835847,-0.6337424657185708,-0.6366136252864484,-0.6349567593855431
1.628,-5.418501544243783,-0.5422790200264496,-0.5947983331135342,-0.631449541230204,-0.6420468110527726,-0.6370628694636066,-0.6373297471926115
1.3022222222222222,-5.744279322021561,-0.5748825825865453,-0.5947872132081591,-0.633278765664425,-0.642335928592528,-0.6407724698967743,-0.6398484057600949
0.3564444444444444,-6.690057099799339,-0.669535217140275,-0.6095766873571793,-0.6340126794191884,-0.642335928592528,-0.6407813658210746,-0.6435546702216502
0.5355555555555557,-6.510945988688228,-0.6516099296754474,-0.6458609385964673,-0.6344129960126956,-0.642335928592528,-0.6425516547568069,-0.6471141519322529
0.1777777777777777,-6.8687237664660055,-0.6874160249836017,-0.6732270257248425,-0.6451659445105171,-0.64354577429735,-0.6490189917230251,-0.6476334515132748
0.2084444444444444,-6.8380570997993395,-0.6843469311000457,-0.6740387788172323,-0.6625908362334606,-0.6530421734877736,-0.6520013503446547,-0.6469707051529127
0.324,-6.722501544243784,-0.6727822295098344,-0.6807552016638551,-0.6766575165330926,-0.6669642950175281,-0.6506714096617803,-0.6466004123039184
0.2671111111111111,-6.779390433132672,-0.6784756210619384,-0.6793207338704539,-0.6781531438060574,-0.6690370453794658,-0.6506602897564051,-0.6454083584476966
0.2351111111111111,-6.811390433132672,-0.6816781538099969,-0.6800880073413429,-0.671153163372367,-0.6595317502647422,-0.6511073099524882,-0.6474099414152332
0.1777777777777777,-6.8687237664660055,-0.6874160249836017,-0.6822675087948826,-0.6570364434985465,-0.6642955177274793,-0.6497729213074639,-0.6491190708714019
0.2368888888888888,-6.809612655354894,-0.6815002353239936,-0.6615511250808791,-0.6588990276488931,-0.6619558896365365,-0.6522971398276349,-0.6490456794959256
1.095111111111111,-5.951390433132673,-0.5956100862059241,-0.6347521531266394,-0.6578037169694356,-0.6590068907310325,-0.6583641602003458,-0.6508382082424082
1.3062222222222222,-5.7402793220215615,-0.5744822659930381,-0.6377100479564435,-0.6548513820923192,-0.6589846509202821,-0.6619136339961107,-0.6527708477966186
0.0595555555555555,-6.986945988688228,-0.699247604302818,-0.6333399251439886,-0.6537115917913608,-0.6598786913124485,-0.6629544571392297,-0.6538383587126382
0.4115555555555556,-6.634945988688228,-0.6640197440741742,-0.6481516391037592,-0.6537115917913608,-0.6560000683175777,-0.6653363408705982,-0.6544032499056984
0.5031111111111112,-6.543390433132672,-0.6548569420450068,-0.6726710304560823,-0.6488855528585227,-0.6515521061674964,-0.6637128346858185,-0.6504734753461017
0.3262222222222222,-6.720279322021561,-0.6725598314023302,-0.6697131356262782,-0.6548013425181308,-0.6497640253831637,-0.6637172826479686,-0.6481004875390333
0.1777777777777777,-6.8687237664660055,-0.6874160249836017,-0.6644311805730566,-0.6659434877040844,-0.6547902226127555,-0.6614821816675528,-0.6446855645983084
0.6226666666666666,-6.423834877577117,-0.6428919238612881,-0.6614510459325023,-0.6592715444789624,-0.6663771640137173,-0.6622227673655414,-0.6409759641651406
0.6222222222222222,-6.424279322021562,-0.642936403482789,-0.6592159449520865,-0.6625630364700226,-0.6663771640137173,-0.6616245164563554,-0.6371951963375715
0.4155555555555556,-6.630945988688228,-0.6636194274806668,-0.6488299533316466,-0.668111869252249,-0.6654697797351007,-0.6610284895282446,-0.6334155405005399
0.5928888888888889,-6.4536126553548945,-0.6458720585018426,-0.6606948923669884,-0.6659101279879588,-0.6684276745649048,-0.6609039465880423,-0.6317775784387725
0.1484444444444444,-6.898057099799339,-0.6903516800026553,-0.6747726925719957,-0.6655376111578895,-0.6639797124148235,-0.6647603297721627,-0.628139145400006
0.0595555555555555,-6.986945988688228,-0.699247604302818,-0.6726043110238311,-0.663686146912918,-0.6645668434186341,-0.6651250626684695,-0.6243606015535119
0.5022222222222222,-6.544279322021561,-0.6549459012880083,-0.6822452689841323,-0.6699800133552831,-0.6672489645951332,-0.6597875080883718,-0.6192510050336061
0.2075555555555555,-6.838945988688228,-0.6844358903430473,-0.6666774014588477,-0.6707417268734845,-0.6705048728889926,-0.6489456003475487,-0.6150243290004914
0.7706666666666667,-6.275834877577116,-0.6280802099015175,-0.6651873341385706,-0.6744446553634272,-0.6720438677929208,-0.6455295654162863,-0.6086503992394249
0.1191111111111111,-6.927390433132673,-0.693287335021709,-0.668879142723138,-0.6730268674280888,-0.67473043693157,-0.6387108394402118,-0.6027879851256178
0.3546666666666667,-6.691834877577117,-0.6697131356262782,-0.6666440417427222,-0.6697131356262782,-0.6638729613232215,-0.6308446183777929,-0.5969333549455733
0.2968888888888889,-6.749612655354895,-0.6754954864213839,-0.6793763333973298,-0.6605670134551735,-0.6531978521630265,-0.6246174713676792,-0.5910709408317661
0.2617777777777778,-6.784723766466006,-0.6790093765199481,-0.6742389371139859,-0.6490745912499011,-0.6324214209599968,-0.614533941173445,-0.5853564214594492
0.3244444444444445,-6.722057099799339,-0.6727377498883335,-0.6522548841872092,-0.6264622636694255,-0.6226314562676679,-0.6051909966771992,-0.5790036195185956
1.2333333333333332,-5.81316821091045,-0.5817769239191714,-0.63150514075708,-0.6131183772191815,-0.6134419664656,-0.5943646568039014,-0.5757377033098985
1.126222222222222,-5.920279322021561,-0.5924965127008672,-0.573548193941521,-0.5964273992510015,-0.5971223933369518,-0.5857667459677942,-0.5760624045468544
2.578222222222222,-4.468279322021561,-0.44718158925771184,-0.5519978173243771,-0.5782519139152319,-0.5819859781402251,-0.5731656691966139,-0.57294771905126
1.1857777777777776,-5.8607237664660055,-0.5865362434197583,-0.5405999143147939,-0.5581693648076149,-0.558563009457897,-0.5663358233151642,-0.5691024557725147
1.6888888888888889,-5.357612655354894,-0.5361853118808382,-0.5249986870733838,-0.5292353710213362,-0.5383381255614775,-0.5535835158308812,-0.5631021548320552
1.7497777777777774,-5.296723766466006,-0.5300916037352269,-0.5427905356737089,-0.5161083227259089,-0.5139988766762328,-0.5440937885836827,-0.556365716155757
1.8671111111111112,-5.1793904331326726,-0.5183489836590123,-0.5064729247182953,-0.49571441626778623,-0.5076605306123669,-0.5316439425256052,-0.5472640736061531
2.6373333333333338,-4.409168210910449,-0.44126579959810364,-0.4916167311370238,-0.5046159005206363,-0.49313348623020153,-0.520517365207177,-0.5402529732670875
2.282666666666666,-4.763834877577118,-0.47676053755575243,-0.46643014546218853,-0.4872021287030681,-0.5002502256703316,-0.5096843533906539,-0.5302706342117676
2.7564444444444445,-4.2900570997993395,-0.42934526103588594,-0.4664412653675638,-0.4849725876753399,-0.4845355753940944,-0.49710329244914897,-0.5195199096950212
1.8666666666666667,-5.179834877577116,-0.5183934632805131,-0.46793133268784104,-0.4723848547906099,-0.47474561070176546,-0.48671507684763426,-0.5116214409070143
2.5777777777777784,-4.468723766466005,-0.44722606887921257,-0.47832844421365595,-0.46237693995292695,-0.4661654917142587,-0.48699974642523947,-0.49688534230379505
1.867111111111111,-5.1793904331326726,-0.5183489836590123,-0.47833956411903117,-0.46275501673568387,-0.4590487522741286,-0.48610793001414815,-0.480957189844354
2.7560000000000007,-4.290501544243783,-0.42938974065738666,-0.4583126145382902,-0.4590576481984288,-0.4608056973234108,-0.4892593111974807,-0.4701386339048188
2.6671111111111108,-4.379390433132673,-0.4382856649575493,-0.4575787007835268,-0.4627438968303087,-0.45586845933682046,-0.48067474424782386,-0.4542872087924666
2.607111111111111,-4.439390433132672,-0.444290413860159,-0.43978685218320174,-0.45136823363147577,-0.45943127701903563,-0.47402059287130227,-0.4424322776719626
2.5782222222222217,-4.468279322021562,-0.4471815892577119,-0.44714822954158623,-0.45358665475382887,-0.46633896223811194,-0.4636835288345134,-0.4283722693155556
2.461777777777778,-4.584723766466006,-0.45883525009092474,-0.44442385272466145,-0.46222682123036174,-0.4790823737980947,-0.4558884751664959,-0.41383521701855247
2.7760000000000007,-4.270501544243783,-0.42738815768985006,-0.4495946087241309,-0.4803856267080686,-0.47826839672462984,-0.4460073272500904,-0.40288099823343976
2.400444444444444,-4.646057099799339,-0.46497343785803696,-0.4846667902775218,-0.4893760702039204,-0.4768139131015533,-0.43384882271284314,-0.3884095533781503
1.1764444444444444,-5.8700570997993395,-0.5874703154712754,-0.5136230238745509,-0.48569538152472813,-0.473295575040839,-0.42887822501012735,-0.3742861615611047
1.3044444444444443,-5.742057099799339,-0.5746601844790413,-0.5343282876831793,-0.48018546841131493,-0.461201565954768,-0.4080039386397959,-0.36446950909587533
1.9484444444444444,-5.098057099799339,-0.5102092129243636,-0.5217961543253253,-0.4632498525248805,-0.4527281980588632,-0.38874871049209403,-0.35466175255494614
2.901333333333333,-4.14516821091045,-0.41484490442662086,-0.47570414654510806,-0.45513232160098216,-0.43120895717676994,-0.3739414444944734,-0.34655756551749806
3.0186666666666664,-4.027834877577117,-0.40310228435040635,-0.4128766811752099,-0.42746599702747656,-0.4118291860888658,-0.3549909017540522,-0.33636950821273687
3.815555555555556,-3.2309459886882275,-0.32335032299944894,-0.3759363555187849,-0.3832310134449182,-0.39832517300121906,-0.3407707667602423,-0.3254931287652506
3.4248888888888884,-3.621612655354895,-0.36244791029866347,-0.33313583972962774,-0.3526401537577342,-0.3496689150414799,-0.3251005961055059,-0.3145377979896004
4.612000000000001,-2.4345015442437825,-0.24364284126999233,-0.2907578803447284,-0.30147746912642426,-0.2984150471860933,-0.307153068829928,-0.3037492657945783
4.712444444444444,-2.334057099799339,-0.23359044681080876,-0.2924036263402584,-0.2573870443137436,-0.269614492264317,-0.29607764307622564,-0.29585969293087155
3.749777777777778,-3.2967237664660054,-0.32993330698156925,-0.2270185827340636,-0.23477471673326786,-0.233167890406551,-0.2797158143071516,-0.2877777457041739
6.038222222222223,-1.0082793220215605,-0.10090773587388409,-0.18163824889785937,-0.20065328708945687,-0.2082459584796456,-0.26185724627457524,-0.28510896841412514
6.425777777777777,-0.6207237664660061,-0.06212150592517546,-0.17879155312180733,-0.17458266893729296,-0.18899962625624392,-0.24193927176651125,-0.2830317700900372
4.826222222222222,-2.220279322021561,-0.22220366370660066,-0.10890294783865526,-0.16048818887422292,-0.1615779396009928,-0.22321557509574413,-0.27894965282680007
6.543111111111111,-0.5033904331326724,-0.05037888584896084,-0.12214675514052231,-0.14231826349114085,-0.16094632897568126,-0.20385581983751533,-0.27626864364083864
5.5088888888888885,-1.537612655354895,-0.15388296508135227,-0.13933812885058644,-0.13074244199555432,-0.14760244252543742,-0.19206427217764985,-0.27537793922028475
5.738666666666667,-1.3078348775771165,-0.13088700076543197,-0.10584497386047435,-0.1306479227998651,-0.1253893195479315,-0.17696566465919894,-0.2754580025389862
6.164888888888891,-0.8816126553548926,-0.08823104374615233,-0.15258193615245338,-0.13635799421003195,-0.13420962849154267,-0.16539206714468743,-0.27343306777016174
4.675111111111112,-2.371390433132672,-0.23732673501687698,-0.13914909045920792,-0.1322213894104563,-0.14801610300539494,-0.1516100564226606,-0.2702205271072656
6.0457777777777775,-1.000723766466006,-0.10015158230837039,-0.13337785956947742,-0.15094731006229847,-0.13809714741071366,-0.14571205861165282,-0.2676896366438693
5.969333333333334,-1.0771682109104495,-0.10780207720651008,-0.1585978049604383,-0.14708870289710294,-0.15096065394874872,-0.1417066686955046,-0.26573586926944615
5.156888888888891,-1.8896126553548926,-0.18911082530999576,-0.1493126839721436,-0.15310457170508787,-0.1456853708387523,-0.14133971181812294,-0.2609087183460704
5.046222222222224,-2.0002793220215596,-0.20018625106369817,-0.155028315334998,-0.15471695798449236,-0.14178450803313103,-0.15805960154027848,-0.25614651165928964
5.817333333333335,-1.2291682109104487,-0.123014107759788,-0.17283128384069832,-0.13653591269603513,-0.14164217324432843,-0.16915059516150613,-0.24981965948864793
5.257777777777779,-1.7887237664660045,-0.17901395122931132,-0.1508361110085464,-0.13486792688975463,-0.1304777882476244,-0.17859584278720372,-0.24792343385081783
6.036000000000001,-1.0105015442437821,-0.1011301339813881,-0.12375914141992665,-0.13710302787017048,-0.13581089486557188,-0.19576497668651743,-0.2469579671075497
6.128444444444445,-0.9180570997993387,-0.09187837270921914,-0.11470753844451126,-0.1326495057674016,-0.15729010408831437,-0.21014523831773024,-0.24236275076352282
6.179111111111112,-0.8673904331326714,-0.08680769585812642,-0.10137477189964264,-0.14795049556368123,-0.1819095745890143,-0.2217655394348176,-0.2398614670481881
5.790666666666667,-1.2558348775771169,-0.1256828850498369,-0.1144629005262568,-0.18698692338333206,-0.19028508731761734,-0.23328798538460313,-0.24063341191857818
5.512888888888891,-1.5336126553548928,-0.1534826484878447,-0.1721418497074358,-0.20010285177338424,-0.21909453816369379,-0.23930163021151302,-0.24561595052902874
3.8231111111111113,-3.223390433132672,-0.32259416943393515,-0.25926630832215286,-0.23885016205327977,-0.24056929942428623,-0.2517559242317406,-0.25289102273503417
2.696888888888889,-4.349612655354894,-0.43530553031699476,-0.2988309316471259,-0.27658556094403186,-0.27460510579670816,-0.2599601904175656,-0.2571795730987724
4.209333333333334,-2.8371682109104492,-0.28394137834972877,-0.36323742358030275,-0.320920623674967,-0.30174657083650414,-0.2703537515520679,-0.2680600493535021
2.938666666666669,-4.1078348775771145,-0.4111086162205524,-0.38102927218062793,-0.35062189093213475,-0.32493379752487783,-0.2764237438815517,-0.2810891248672439
3.112,-3.9345015442437834,-0.39376156383523564,-0.38257493902778117,-0.3712715552138871,-0.34812547217540163,-0.29199104786412033,-0.2902493034624248
2.635111111111112,-4.411390433132672,-0.4414881977056077,-0.4024128502171436,-0.3756472379790296,-0.36770095359790933,-0.3018516620374495,-0.30296913086488797
3.4164444444444446,-3.630057099799339,-0.36329302310717887,-0.3793056868474714,-0.3648887295285205,-0.3626302767468167,-0.30775983686784675,-0.3106072422320418
3.8622222222222233,-3.18427932202156,-0.3186799627418635,-0.3702652037774312,-0.36338198235018043,-0.3587979285151216,-0.31433086695168877,-0.3199599898027631
3.473333333333333,-3.5731682109104503,-0.35759963155507485,-0.34720252002925983,-0.3616161613226168,-0.3625624004454861,-0.3296567674144958,-0.3282664818138848
3.55688888888889,-3.4896126553548936,-0.34923746271292194,-0.32435111448321724,-0.35259422804988416,-0.36488755756454694,-0.3455198424464046,-0.33143871281979587
4.329777777777778,-2.7167237664660053,-0.27188740092300856,-0.34392663579776217,-0.35170322676307825,-0.36313402465061284,-0.3640753767745637,-0.3394543828832062
3.0798206278026905,-3.966680916441093,-0.3969820480000434,-0.334923252322337,-0.3533198782116677,-0.3409145679389854,-0.37301943437942175,-0.34925380936484246
3.833183856502243,-3.2133176877415406,-0.3215860976533741,-0.35620393349689666,-0.3408965866926014,-0.3269151630668733,-0.37806049716672574,-0.3580609722608107
2.70633484162896,-4.340166702614823,-0.43436018741116067,-0.38228864194011825,-0.3241090045464743,-0.3343797373041137,-0.39302765457298167,-0.36591876705952897
3.287214611872145,-3.7592869323716385,-0.3762262346958948,-0.3378665375874406,-0.32962003484664254,-0.3429142127174075,-0.4019027641376458,-0.3791787559899322
4.855299539170509,-2.191202005073275,-0.21929363058933304,-0.3132947567706117,-0.3510021579422681,-0.360449799951218,-0.4101732850432585,-0.3900613988943237
4.815277777777777,-2.231223766466006,-0.22329897438605822,-0.30303613619638836,-0.36695356882364105,-0.3834085920120268,-0.4110692461463533,-0.4017342606052428
3.116355140186916,-3.9301464040568677,-0.3933257051142674,-0.3197156739444179,-0.38943972180835634,-0.3973230658183299,-0.4181544401707084,-0.41422837335046286
2.6205607476635517,-4.425940796580232,-0.44294438568801286,-0.39604060005984143,-0.4021605466398455,-0.42349290870047723,-0.42324497824316654,-0.42490050035421634
1.8047169811320756,-5.2417845631117075,-0.5245933350510272,-0.4655846868461011,-0.4280428331122147,-0.4389179707107448,-0.4235757954280787,-0.43428843769836484
2.0357142857142856,-5.010787258529498,-0.5014753215310969,-0.5012849570833028,-0.4742074802277774,-0.4572125454359043,-0.4271528415346716,-0.44169565860414384
1.6894736842105262,-5.3570278600332575,-0.5361267860630741,-0.5363699922800116,-0.5161916061729563,-0.48122392435372124,-0.43854742831211935,-0.44668681916413816
1.2182692307692309,-5.828232313474553,-0.583284526474848,-0.5523743603957135,-0.5244518205046109,-0.5093937172745436,-0.4457681929695535,-0.4501239083955779
1.1650485436893203,-5.881453000554464,-0.5886108075138351,-0.5667985254998117,-0.5322083852428945,-0.5121102191822192,-0.4554137902375063,-0.4556473727157111
1.4592039800995025,-5.587297564144281,-0.5591719819474896,-0.5476186839259191,-0.519195558885394,-0.50423737813875,-0.4663664641157442,-0.4578538925339329
2.4560606060606056,-4.590440938183178,-0.4594074197675035,-0.5280467782057774,-0.502038140600672,-0.4938558831181254,-0.4782711357511979,-0.4586023743849125
2.000526315789473,-5.04597522845431,-0.5049969035942815,-0.48601675737507455,-0.4876195904483853,-0.493686264612212,-0.49570868434263876,-0.45758254950971083
2.8449197860962565,-4.201581758147527,-0.42049072419102357,-0.43727775570153227,-0.47718141669802466,-0.49421332012077707,-0.514125879749237,-0.4536205272245259
3.407222222222223,-3.6392793220215607,-0.36421597525332067,-0.4276204969708515,-0.47127973340238594,-0.48733467177453516,-0.520144233293937,-0.45560732438381635
2.8420454545454543,-4.204456089698329,-0.4207783848447805,-0.42631605519027194,-0.46569549103550345,-0.49381495752074356,-0.5230570329503251,-0.4537038582284139
2.052662721893491,-4.993838822350293,-0.499779136471963,-0.45654270942969727,-0.4899462716865553,-0.49932972606649156,-0.519315940433724,-0.45478829611150456
1.63680981595092,-5.409691728292864,-0.541397341148725,-0.49411322636947447,-0.5036116171628914,-0.5101934443315563,-0.5203542039488547,-0.458255092688733
1.905590062111801,-5.140911482131982,-0.5144980430124295,-0.552272046402259,-0.5220558519412822,-0.5188580422239303,-0.5221873196244301,-0.456843527911201
0.5175324675324676,-6.5289690767113155,-0.6534136649759187,-0.5809071791355108,-0.5504842153493699,-0.5281782474056548,-0.5182670908584405,-0.45398056138116505
0.9081632653061223,-6.1383382789376615,-0.6143196674049701,-0.587568994452867,-0.5620985142448058,-0.5418766877619003,-0.5138050209302198,-0.4525278582993013
1.3705479452054794,-5.675953599038304,-0.5680446024181499,-0.6068552043292652,-0.5622761695377824,-0.5447759977493227,-0.5070314637265666,-0.4547476503688924
1.1347517730496457,-5.911749771194138,-0.5916428825180219,-0.5719249820873524,-0.5508229374840674,-0.5470221432854973,-0.5040958528730684,-0.457251160387287
1.9136363636363636,-5.1328651806074195,-0.5136927760082681,-0.5436451599400539,-0.5517907560867272,-0.5501613191280834,-0.4890866142783434,-0.45781028882610686
2.0384615384615383,-5.008040005782245,-0.5012003788157758,-0.5140768805152678,-0.5417126854115606,-0.5491995099423458,-0.48796967052446616,-0.4513911820430086
2.55234375,-4.494157794243783,-0.4497714847190052,-0.49672630784418936,-0.5280327208803212,-0.5337950843396961,-0.48383192102874906,-0.4451179505468524
1.8282258064516128,-5.218275737792171,-0.5222405918337084,-0.5115003887357688,-0.5194483216967302,-0.5147332013866417,-0.4824237506883374,-0.4433395434290631
1.3231404958677688,-5.723361048376015,-0.5727890995745856,-0.5124202818205883,-0.49845556611628056,-0.4979982614145803,-0.4779627570653465,-0.43433550132971677
2.0016949152542374,-5.044806628989546,-0.5048799511550542,-0.5248197628781927,-0.4843308694524392,-0.4593151863327565,-0.4679188628528485,-0.4236623517393129
2.056756756756757,-4.989744787487027,-0.4993694089494222,-0.5001848243883718,-0.4472823385629401,-0.4477610936432777,-0.4525473325248239,-0.41609294758469806
2.812844036697248,-4.2336575075465355,-0.4237008378744249,-0.45716135016910964,-0.44082988411224955,-0.4257871542955979,-0.43868925248285856,-0.40699837643123093
3.042718446601941,-4.0037830976418425,-0.40069520269753717,-0.3821443953052918,-0.4107324333004082,-0.4200715036273522,-0.4312241649865869,-0.4061300746782507
5.0,-2.0465015442437835,-0.20481213169978288,-0.35684000534630644,-0.38821066810815347,-0.408903370845196,-0.4187936364319354,-0.40886329687445117
3.068131868131868,-3.9783696761119156,-0.3981518491134807,-0.3212800422124446,-0.37642058221529,-0.3856764065776137,-0.40149469790297676,-0.40512951691771565
4.234117647058824,-2.8123838971849597,-0.2814609853389776,-0.3192599860471973,-0.35656433820895755,-0.35589515510730196,-0.38263813079208026,-0.41224744565253824
3.123456790123457,-3.9230447541203266,-0.392614978036548,-0.3706967691252882,-0.32948516303114656,-0.3435834206260209,-0.3671788681433796,-0.4194891771059723
2.944155844155844,-4.102345700087939,-0.4105592640121465,-0.3562886710716087,-0.32642977071103085,-0.3477151285865322,-0.36736314642440215,-0.4256686222492777
3.6439999999999992,-3.4025015442437843,-0.3405194568987628,-0.3376902838498485,-0.3589554939335001,-0.3395890114492904,-0.34831679871057886,-0.4308043406770768
4.977464788732394,-2.069036755511389,-0.20706743645193676,-0.33359955537486435,-0.34911576670995503,-0.343674209473197,-0.32513738385419555,-0.43443395795037026
3.2869565217391306,-3.759545022504653,-0.37625206413661133,-0.34721421874171216,-0.34464115753493896,-0.3175151679408828,-0.31391880431095565,-0.4373530194460301
2.4000000000000004,-4.646501544243783,-0.4650179174795377,-0.34194286234830135,-0.3126344645041628,-0.3085705819911613,-0.300191731932242,-0.4386478746612303
3.8546875,-3.1918140442437837,-0.3194340313251196,-0.35159203122002947,-0.2853164472328648,-0.31465478922145207,-0.30522868562993477,-0.4409200798157042
4.591803278688524,-2.454698265555259,-0.24566411193884907,-0.29166937363346135,-0.29943364641295145,-0.28773022657596176,-0.3136307408758341,-0.44388351555726197
5.6819672131147545,-1.364534331129029,-0.13656143379033894,-0.22341867572401747,-0.29121442155111477,-0.26459836113077745,-0.32117241955708803,-0.4467226403339096
5.127868852459016,-1.9186326917847678,-0.19201512584176222,-0.2569244304776015,-0.2578330138399033,-0.27194245351460944,-0.3365252207806103,-0.45101748079232695
2.5155172413793103,-4.530984302864473,-0.4534570503394558,-0.23083681188220007,-0.23476931919124322,-0.25680004323846317,-0.35514643318319544,-0.45611766816153076
5.634482758620689,-1.4120187856230944,-0.14131363755724327,-0.22399665404634528,-0.22294356044749686,-0.2627422426733374,-0.3689134938102179,-0.460348647833427
5.9553571428571415,-1.091144401386642,-0.10920080244691979,-0.24611996265846897,-0.2577905354336757,-0.28767247030237786,-0.38364592428880695,-0.4649228298771824
4.243636363636364,-2.8028651806074194,-0.280508360290257,-0.18896269041739217,-0.3118123946618238,-0.298670629640979,-0.4009490530478918,-0.46823329922741597
4.8,-2.2465015442437837,-0.22482796137514865,-0.2847442589851513,-0.3322662170972111,-0.35553527362033777,-0.4221587063672363,-0.47324149728813775
1.80625,-5.240251544243783,-0.5244399118282798,-0.39962813527730234,-0.36373507000276994,-0.40172228437522967,-0.43860649683960207,-0.4783874589040004
1.3636363636363635,-5.68286518060742,-0.568736307615524,-0.41841247153595323,-0.4278065194819497,-0.42317219839898373,-0.4506159946448215,-0.4854251347967379
3.4928571428571438,-3.5536444013866397,-0.35564570532486045,-0.5385074495881478,-0.4976509429982092,-0.47956162200165214,-0.4689733946825886,-0.49303795156889774
0.0,-7.0465015442437835,-0.7052078735839269,-0.5708687799787482,-0.550738382159918,-0.5372997449650063,-0.49195058276484255,-0.5055478451160013
0.5128205128205128,-6.533681031423271,-0.6538852333906813,-0.5956737507191161,-0.6084576409980821,-0.5723749592198631,-0.5193968307925737,-0.5126033843443136
0.3722222222222222,-6.674279322021562,-0.6679561905769962,-0.6830642927838828,-0.6218102148744004,-0.620412950440741,-0.545056468179682,-0.5231970565504374
0.0,-7.0465015442437835,-0.7052078735839269,-0.6784078324080165,-0.6388691606204507,-0.6384897466163056,-0.5533341492424518,-0.5310118789391218
0.1861111111111111,-6.860390433132673,-0.6865820320804615,-0.6727516497700525,-0.682564431652834,-0.6502743190627994,-0.5815288610437859,-0.5383780941784163
0.7388888888888889,-6.307612655354895,-0.6312605028388256,-0.6820645705217852,-0.6802362014649008,-0.685230535888706,-0.6113292146006363,-0.5374873897578625
0.0,-7.0465015442437835,-0.7052078735839269,-0.6820645705217853,-0.6866515314890566,-0.6832583879648098,-0.6325641902653197,-0.549009608610989
0.0,-7.0465015442437835,-0.7052078735839269,-0.6820645705217853,-0.6888428069600524,-0.6883906519841343,-0.6565831858757587,-0.5572335038471719
0.1861111111111111,-6.860390433132673,-0.6865820320804615,-0.7005514132080606,-0.6888428069600525,-0.6834961000859199,-0.6656215839635411,-0.5632382527497816
0.0,-7.0465015442437835,-0.7052078735839269,-0.6956210433983198,-0.6803963868993512,-0.6834961000859198,-0.6724451622619612,-0.5728825988062518
0.1970588235294117,-6.8494427207143715,-0.6854863943449635,-0.6956210433983196,-0.6896398082424888,-0.6853586842362663,-0.6899232706749145,-0.5843711928473787
0.0,-7.0465015442437835,-0.7052078735839269,-0.6787282032769173,-0.6896398082424889,-0.6927534213107764,-0.6886815479080168,-0.5985873538422184
0.8612903225806451,-6.185211221663138,-0.6190106715948517,-0.6787282032769173,-0.6896398082424889,-0.6927534213107764,-0.6912476799176791,-0.6114171725357725
0.0,-7.0465015442437835,-0.7052078735839269,-0.683658573086658,-0.6919680384304221,-0.6927534213107764,-0.6931102640680257,-0.6177109431168843
0.0,-7.0465015442437835,-0.7052078735839269,-0.6836585730866581,-0.6919680384304221,-0.694616005461123,-0.6931102640680257,-0.6318082990175514
0.0,-7.0465015442437835,-0.7052078735839269,-0.7052078735839269,-0.6944332233352926,-0.6946160054611231,-0.6740257264678331,-0.6452084912373112
0.0,-7.0465015442437835,-0.7052078735839269,-0.7052078735839269,-0.6944332233352924,-0.6941047078512239,-0.6758605108547416,-0.6548058631043389
0.0,-7.0465015442437835,-0.7052078735839269,-0.7052078735839269,-0.7021035666666827,-0.694104707851224,-0.6758605108547416,-0.6664268874753981
0.0,-7.0465015442437835,-0.7052078735839269,-0.7052078735839269,-0.7021035666666826,-0.7027244280501315,-0.6758605108547416,-0.6703709701322625
0.0,-7.0465015442437835,-0.7052078735839269,-0.6989992597494384,-0.7021035666666826,-0.7027244280501315,-0.6767918029299149,-0.6732748176327408
0.2481481481481481,-6.798353396095635,-0.680373418245973,-0.6989992597494384,-0.7021035666666826,-0.6626927686994,-0.6767918029299149,-0.6826168503476785
0.0,-7.0465015442437835,-0.7052078735839269,-0.6989992597494383,-0.6520639924782683,-0.6589676003987069,-0.6777778768918632,-0.681932273885974
0.0,-7.0465015442437835,-0.7052078735839269,-0.6989992597494384,-0.647407532102402,-0.6589676003987069,-0.6777778768918632,-0.6828087439014519
0.0,-7.0465015442437835,-0.7052078735839269,-0.6051287252070982,-0.6474075321024019,-0.6589676003987069,-0.6820877369913169,-0.6832878585248213
4.0,-3.0465015442437835,-0.30489128007661165,-0.5958158044553654,-0.6474075321024019,-0.6589676003987069,-0.6820877369913169,-0.6825571913561845
0.3722222222222222,-6.674279322021562,-0.6679561905769962,-0.5958158044553654,-0.650511839019646,-0.6589676003987069,-0.680870887696969,-0.6824184037450025
0.0,-7.0465015442437835,-0.7052078735839269,-0.5958158044553654,-0.6505118390196462,-0.6614510459325024,-0.6795188329254713,-0.6842454716345089
0.0,-7.0465015442437835,-0.7052078735839269,-0.6958949528321942,-0.6505118390196462,-0.6614510459325023,-0.6780077128867386,-0.683469086377123
0.0,-7.0465015442437835,-0.7052078735839269,-0.7052078735839269,-0.6505118390196462,-0.6614510459325023,-0.6763077028431643,-0.6826329791768614
0.0,-7.0465015442437835,-0.7052078735839269,-0.7052078735839269,-0.7005514132080606,-0.6614510459325024,-0.6743810247937801,-0.6824750170607173
0.0,-7.0465015442437835,-0.7052078735839269,-0.7052078735839269,-0.7052078735839269,-0.7010687976942679,-0.6721791070230554,-0.6815278147055835
0.0,-7.0465015442437835,-0.7052078735839269,-0.7052078735839269,-0.7052078735839269,-0.7052078735839269,-0.6715487753905234,-0.6813557025473497
0.0,-7.0465015442437835,-0.7052078735839269,-0.7052078735839269,-0.705207873583927,-0.7052078735839269,-0.6687438505410731,-0.6802715129547781
0.0,-7.0465015442437835,-0.7052078735839269,-0.7052078735839268,-0.7052078735839269,-0.705207873583927,-0.6654289393553591,-0.6831886958766793
