id,function_name,stage_id,num_tasks,submission_time,completion_time,executor_run_time,result_size,jvm_gc_time,peak_execution_memory,disk_bytes_spilled,memory_bytes_spilled
1,sumNetProfitGroupedBySoldDateWhereProfitNegative,0,1,1629792856555,1629792923151,61993,2178,42289,0,0,0
2,sumNetProfitGroupedBySoldDateWhereProfitNegative,1,200,1629792923194,1629792927482,5906,576630,680,0,0,0
3,sumNetProfitGroupedBySoldDateWhereProfitNegative,0,1,1629792929014,1629793022121,88341,2178,38561,0,0,0
4,sumNetProfitGroupedBySoldDateWhereProfitNegative,1,200,1629793022162,1629793026702,5868,576372,488,0,0,0
5,sumNetProfitGroupedBySoldDateWhereProfitNegative,0,1,1629793051828,1629793118174,61777,2178,42073,0,0,0
6,sumNetProfitGroupedBySoldDateWhereProfitNegative,1,200,1629793118211,1629793122468,5929,576458,412,0,0,0
7,sumNetProfitGroupedBySoldDateWhereProfitNegative,0,1,1629793138282,1629793200826,57968,2177,38735,0,0,0
8,sumNetProfitGroupedBySoldDateWhereProfitNegative,1,200,1629793200865,1629793204880,5499,576372,30,0,0,0
9,sumNetProfitGroupedBySoldDateWhereProfitNegative,0,1,1629793214732,1629793273243,53999,2178,34738,0,0,0
10,sumNetProfitGroupedBySoldDateWhereProfitNegative,1,200,1629793273280,1629793277383,5627,576415,444,0,0,0
11,sumNetProfitGroupedBySoldDateWhereProfitNegative,0,1,1629793293625,1629793357135,58868,2177,39440,0,0,0
12,sumNetProfitGroupedBySoldDateWhereProfitNegative,1,200,1629793357170,1629793361576,6159,576501,744,0,0,0
13,sumNetProfitGroupedBySoldDateWhereProfitNegative,0,1,1629793381683,1629793445102,58850,2177,39415,0,0,0
14,sumNetProfitGroupedBySoldDateWhereProfitNegative,1,200,1629793445138,1629793449185,5224,576415,425,0,0,0
15,sumNetProfitGroupedBySoldDateWhereProfitNegative,0,1,1629793455787,1629793520687,60292,2221,40689,0,0,0
16,sumNetProfitGroupedBySoldDateWhereProfitNegative,1,200,1629793520724,1629793524935,5550,576329,380,0,0,0
17,sumNetProfitGroupedBySoldDateWhereProfitNegative,0,1,1629793546430,1629793609287,58219,2178,39093,0,0,0
18,sumNetProfitGroupedBySoldDateWhereProfitNegative,1,200,1629793609330,1629793613446,5738,576458,730,0,0,0
19,sumNetProfitGroupedBySoldDateWhereProfitNegative,0,1,1629793627284,1629793721674,89454,2178,40291,0,0,0
20,sumNetProfitGroupedBySoldDateWhereProfitNegative,1,200,1629793721708,1629793725647,5126,576372,27,0,0,0
21,sumNetProfitGroupedBySoldDateWhereProfitNegative,0,1,1629793742310,1629793803498,56602,2178,36484,0,0,0
22,sumNetProfitGroupedBySoldDateWhereProfitNegative,1,200,1629793803541,1629793807746,5695,576501,65,0,0,0
23,sumNetProfitGroupedBySoldDateWhereProfitNegative,0,1,1629793820654,1629793880949,55738,2178,36820,0,0,0
24,sumNetProfitGroupedBySoldDateWhereProfitNegative,1,200,1629793880987,1629793884906,5240,576458,54,0,0,0
25,sumNetProfitGroupedBySoldDateWhereProfitNegative,0,1,1629793905629,1629794007438,96761,2178,47043,0,0,0
26,sumNetProfitGroupedBySoldDateWhereProfitNegative,1,200,1629794007472,1629794011934,5671,576329,380,0,0,0
27,sumNetProfitGroupedBySoldDateWhereProfitNegative,0,1,1629794022414,1629794081518,54464,2178,35250,0,0,0
28,sumNetProfitGroupedBySoldDateWhereProfitNegative,1,200,1629794081557,1629794085601,5619,576458,68,0,0,0
29,sumNetProfitGroupedBySoldDateWhereProfitNegative,0,1,1629794096289,1629794155296,54377,2177,35219,0,0,0
30,sumNetProfitGroupedBySoldDateWhereProfitNegative,1,200,1629794155343,1629794159257,5076,576415,476,0,0,0
31,sumNetProfitGroupedBySoldDateWhereProfitNegative,0,1,1629794180052,1629794243672,58985,2177,39538,0,0,0
32,sumNetProfitGroupedBySoldDateWhereProfitNegative,1,200,1629794243710,1629794247808,5648,576415,30,0,0,0
33,sumNetProfitGroupedBySoldDateWhereProfitNegative,0,1,1629794257716,1629794317233,54961,2178,35538,0,0,0
34,sumNetProfitGroupedBySoldDateWhereProfitNegative,1,200,1629794317268,1629794321573,5898,576544,822,0,0,0
35,sumNetProfitGroupedBySoldDateWhereProfitNegative,0,1,1629794340494,1629794399435,54370,2177,35089,0,0,0
36,sumNetProfitGroupedBySoldDateWhereProfitNegative,1,200,1629794399482,1629794403825,6210,576501,640,0,0,0
37,sumNetProfitGroupedBySoldDateWhereProfitNegative,0,1,1629794389028,1629794451373,57715,2178,38812,0,0,0
38,sumNetProfitGroupedBySoldDateWhereProfitNegative,1,200,1629794451411,1629794455757,5676,576372,481,0,0,0
39,sumNetProfitGroupedBySoldDateWhereProfitNegative,0,1,1629794513665,1629794574645,56436,2221,36587,0,0,0
40,sumNetProfitGroupedBySoldDateWhereProfitNegative,1,200,1629794574697,1629794578647,5456,576372,298,0,0,0
41,sumNetProfitGroupedBySoldDateWhereProfitNegative,0,1,1629794552558,1629794618755,61531,2177,42102,0,0,0
42,sumNetProfitGroupedBySoldDateWhereProfitNegative,1,200,1629794618797,1629794623139,5510,576329,379,0,0,0
43,sumNetProfitGroupedBySoldDateWhereProfitNegative,0,1,1629794675979,1629794734382,53806,2177,34662,0,0,0
44,sumNetProfitGroupedBySoldDateWhereProfitNegative,1,200,1629794734425,1629794738715,5764,576458,49,0,0,0
45,sumNetProfitGroupedBySoldDateWhereProfitNegative,0,1,1629794759042,1629794818029,54363,2177,35137,0,0,0
46,sumNetProfitGroupedBySoldDateWhereProfitNegative,1,200,1629794818069,1629794821873,5110,576501,33,0,0,0
47,sumNetProfitGroupedBySoldDateWhereProfitNegative,0,1,1629794826955,1629794889585,58163,2178,39007,0,0,0
48,sumNetProfitGroupedBySoldDateWhereProfitNegative,1,200,1629794889624,1629794893795,5394,576243,105,0,0,0
49,sumNetProfitGroupedBySoldDateWhereProfitNegative,0,1,1629794904992,1629794969513,59935,2177,40822,0,0,0
50,sumNetProfitGroupedBySoldDateWhereProfitNegative,1,200,1629794969550,1629794973671,5203,576329,341,0,0,0
51,maxNetProfitGroupedBySoldDateWhereProfitNegative,0,1,1629794993732,1629795083514,85224,2178,35574,0,0,0
52,maxNetProfitGroupedBySoldDateWhereProfitNegative,1,200,1629795083559,1629795087563,5002,576286,116,0,0,0
53,maxNetProfitGroupedBySoldDateWhereProfitNegative,0,1,1629795103353,1629795166147,58209,2178,39106,0,0,0
54,maxNetProfitGroupedBySoldDateWhereProfitNegative,1,200,1629795166190,1629795169941,4964,576329,31,0,0,0
55,maxNetProfitGroupedBySoldDateWhereProfitNegative,0,1,1629795153998,1629795214831,56209,2178,36443,0,0,0
56,maxNetProfitGroupedBySoldDateWhereProfitNegative,1,200,1629795214881,1629795218926,5254,576372,35,0,0,0
57,maxNetProfitGroupedBySoldDateWhereProfitNegative,0,1,1629795267458,1629795360182,87709,2178,38505,0,0,0
58,maxNetProfitGroupedBySoldDateWhereProfitNegative,1,200,1629795360218,1629795364187,5202,576286,14,0,0,0
59,maxNetProfitGroupedBySoldDateWhereProfitNegative,0,1,1629795375592,1629795435655,55337,2178,36455,0,0,0
60,maxNetProfitGroupedBySoldDateWhereProfitNegative,1,200,1629795435696,1629795439577,5269,576415,50,0,0,0
61,maxNetProfitGroupedBySoldDateWhereProfitNegative,0,1,1629795460267,1629795519405,54527,2221,35474,0,0,0
62,maxNetProfitGroupedBySoldDateWhereProfitNegative,1,200,1629795519447,1629795523530,5436,576329,341,0,0,0
63,maxNetProfitGroupedBySoldDateWhereProfitNegative,0,1,1629795538022,1629795606892,64290,2178,45067,0,0,0
64,maxNetProfitGroupedBySoldDateWhereProfitNegative,1,200,1629795606928,1629795610795,5241,576415,34,0,0,0
65,maxNetProfitGroupedBySoldDateWhereProfitNegative,0,1,1629795594866,1629795660061,60560,2177,41487,0,0,0
66,maxNetProfitGroupedBySoldDateWhereProfitNegative,1,200,1629795660105,1629795664499,5395,576329,327,0,0,0
67,maxNetProfitGroupedBySoldDateWhereProfitNegative,0,1,1629795722556,1629795781920,54757,2220,35037,0,0,0
68,maxNetProfitGroupedBySoldDateWhereProfitNegative,1,200,1629795781958,1629795785928,5289,576415,50,0,0,0
69,maxNetProfitGroupedBySoldDateWhereProfitNegative,0,1,1629795793223,1629795856226,58469,2177,39064,0,0,0
70,maxNetProfitGroupedBySoldDateWhereProfitNegative,1,200,1629795856265,1629795860354,5798,576372,450,0,0,0
71,maxNetProfitGroupedBySoldDateWhereProfitNegative,0,1,1629795884107,1629795944219,55735,2177,35350,0,0,0
72,maxNetProfitGroupedBySoldDateWhereProfitNegative,1,200,1629795944261,1629795948029,4958,576415,38,0,0,0
73,maxNetProfitGroupedBySoldDateWhereProfitNegative,0,1,1629795949682,1629796043546,88783,2221,39383,0,0,0
74,maxNetProfitGroupedBySoldDateWhereProfitNegative,1,200,1629796043584,1629796047808,5364,576372,276,0,0,0
75,maxNetProfitGroupedBySoldDateWhereProfitNegative,0,1,1629796067471,1629796128944,56922,2178,37878,0,0,0
76,maxNetProfitGroupedBySoldDateWhereProfitNegative,1,200,1629796128982,1629796132839,5031,576372,37,0,0,0
77,maxNetProfitGroupedBySoldDateWhereProfitNegative,0,1,1629796154319,1629796242705,83342,2178,33047,0,0,0
78,maxNetProfitGroupedBySoldDateWhereProfitNegative,1,200,1629796242765,1629796247045,5802,576458,552,0,0,0
79,maxNetProfitGroupedBySoldDateWhereProfitNegative,0,1,1629796261728,1629796324526,58233,2177,38930,0,0,0
80,maxNetProfitGroupedBySoldDateWhereProfitNegative,1,200,1629796324566,1629796328500,5154,576372,31,0,0,0
81,maxNetProfitGroupedBySoldDateWhereProfitNegative,0,1,1629796339171,1629796399281,55438,2221,36182,0,0,0
82,maxNetProfitGroupedBySoldDateWhereProfitNegative,1,200,1629796399317,1629796403758,6362,576501,762,0,0,0
83,maxNetProfitGroupedBySoldDateWhereProfitNegative,0,1,1629796418770,1629796483756,60434,2178,41213,0,0,0
84,maxNetProfitGroupedBySoldDateWhereProfitNegative,1,200,1629796483797,1629796487919,5633,576458,302,0,0,0
85,maxNetProfitGroupedBySoldDateWhereProfitNegative,0,1,1629796509408,1629796567360,53379,2220,34152,0,0,0
86,maxNetProfitGroupedBySoldDateWhereProfitNegative,1,200,1629796567396,1629796571427,5563,576501,44,0,0,0
87,maxNetProfitGroupedBySoldDateWhereProfitNegative,0,1,1629796586095,1629796648503,57854,2177,38836,0,0,0
88,maxNetProfitGroupedBySoldDateWhereProfitNegative,1,200,1629796648542,1629796652822,5697,576458,608,0,0,0
89,maxNetProfitGroupedBySoldDateWhereProfitNegative,0,1,1629796632120,1629796695884,59049,2177,39792,0,0,0
90,maxNetProfitGroupedBySoldDateWhereProfitNegative,1,200,1629796695923,1629796699851,5113,576458,58,0,0,0
91,maxNetProfitGroupedBySoldDateWhereProfitNegative,0,1,1629796717371,1629796776229,54220,2178,34563,0,0,0
92,maxNetProfitGroupedBySoldDateWhereProfitNegative,1,200,1629796776270,1629796780153,5099,576458,33,0,0,0
93,maxNetProfitGroupedBySoldDateWhereProfitNegative,0,1,1629796824172,1629796885618,56856,2178,37933,0,0,0
94,maxNetProfitGroupedBySoldDateWhereProfitNegative,1,200,1629796885656,1629796889979,5710,576415,631,0,0,0
95,maxNetProfitGroupedBySoldDateWhereProfitNegative,0,1,1629796911472,1629797010365,93914,2178,44213,0,0,0
96,maxNetProfitGroupedBySoldDateWhereProfitNegative,1,200,1629797010402,1629797014856,5774,576501,690,0,0,0
97,maxNetProfitGroupedBySoldDateWhereProfitNegative,0,1,1629796997088,1629797054945,53201,2178,33683,0,0,0
98,maxNetProfitGroupedBySoldDateWhereProfitNegative,1,200,1629797054991,1629797059505,5985,576501,697,0,0,0
99,maxNetProfitGroupedBySoldDateWhereProfitNegative,0,1,1629797108118,1629797168187,55402,2178,36327,0,0,0
100,maxNetProfitGroupedBySoldDateWhereProfitNegative,1,200,1629797168232,1629797172365,5723,576415,632,0,0,0
101,avgNetProfitGroupedBySoldDateWhereProfitNegative,0,1,1629797188773,1629797248803,55409,2178,35449,0,0,0
102,avgNetProfitGroupedBySoldDateWhereProfitNegative,1,200,1629797248839,1629797252895,5552,576372,34,0,0,0
103,avgNetProfitGroupedBySoldDateWhereProfitNegative,0,1,1629797271785,1629797331719,55338,2178,36176,0,0,0
104,avgNetProfitGroupedBySoldDateWhereProfitNegative,1,200,1629797331756,1629797335901,5744,576501,62,0,0,0
105,avgNetProfitGroupedBySoldDateWhereProfitNegative,0,1,1629797347014,1629797406963,55334,2178,36005,0,0,0
106,avgNetProfitGroupedBySoldDateWhereProfitNegative,1,200,1629797407006,1629797411070,5701,576458,37,0,0,0
107,avgNetProfitGroupedBySoldDateWhereProfitNegative,0,1,1629797420529,1629797510093,84492,2178,35204,0,0,0
108,avgNetProfitGroupedBySoldDateWhereProfitNegative,1,200,1629797510128,1629797514196,5364,576415,43,0,0,0
109,avgNetProfitGroupedBySoldDateWhereProfitNegative,0,1,1629797538550,1629797598368,55181,2221,36094,0,0,0
110,avgNetProfitGroupedBySoldDateWhereProfitNegative,1,200,1629797598404,1629797602452,5605,576372,36,0,0,0
111,avgNetProfitGroupedBySoldDateWhereProfitNegative,0,1,1629797612681,1629797709973,92732,2178,43825,0,0,0
112,avgNetProfitGroupedBySoldDateWhereProfitNegative,1,200,1629797710011,1629797714271,5819,576329,26,0,0,0
113,avgNetProfitGroupedBySoldDateWhereProfitNegative,0,1,1629797729608,1629797820564,86288,2178,36294,0,0,0
114,avgNetProfitGroupedBySoldDateWhereProfitNegative,1,200,1629797820605,1629797825090,6002,576329,378,0,0,0
115,avgNetProfitGroupedBySoldDateWhereProfitNegative,0,1,1629797808196,1629797874827,61959,2178,41971,0,0,0
116,avgNetProfitGroupedBySoldDateWhereProfitNegative,1,200,1629797874870,1629797879235,5736,576329,215,0,0,0
117,avgNetProfitGroupedBySoldDateWhereProfitNegative,0,1,1629797937325,1629797995836,53952,2178,34632,0,0,0
118,avgNetProfitGroupedBySoldDateWhereProfitNegative,1,200,1629797995881,1629798000218,6001,576415,383,0,0,0
119,avgNetProfitGroupedBySoldDateWhereProfitNegative,0,1,1629798006708,1629798065815,54509,2178,35214,0,0,0
120,avgNetProfitGroupedBySoldDateWhereProfitNegative,1,200,1629798065854,1629798069887,5597,576544,108,0,0,0
121,avgNetProfitGroupedBySoldDateWhereProfitNegative,0,1,1629798051584,1629798114290,58011,2177,38560,0,0,0
122,avgNetProfitGroupedBySoldDateWhereProfitNegative,1,200,1629798114329,1629798118714,5731,576544,503,0,0,0
123,avgNetProfitGroupedBySoldDateWhereProfitNegative,0,1,1629798162611,1629798222132,54981,2177,35717,0,0,0
124,avgNetProfitGroupedBySoldDateWhereProfitNegative,1,200,1629798222168,1629798226402,5894,576415,593,0,0,0
125,avgNetProfitGroupedBySoldDateWhereProfitNegative,0,1,1629798245610,1629798343871,93632,2178,44357,0,0,0
126,avgNetProfitGroupedBySoldDateWhereProfitNegative,1,200,1629798343910,1629798348420,5948,576458,521,0,0,0
127,avgNetProfitGroupedBySoldDateWhereProfitNegative,0,1,1629798366225,1629798430493,59629,2177,40609,0,0,0
128,avgNetProfitGroupedBySoldDateWhereProfitNegative,1,200,1629798430531,1629798434895,5988,576415,611,0,0,0
129,avgNetProfitGroupedBySoldDateWhereProfitNegative,0,1,1629798449034,1629798512341,58754,2178,39104,0,0,0
130,avgNetProfitGroupedBySoldDateWhereProfitNegative,1,200,1629798512377,1629798516530,5858,576458,68,0,0,0
131,avgNetProfitGroupedBySoldDateWhereProfitNegative,0,1,1629798533617,1629798592677,54464,2221,35541,0,0,0
132,avgNetProfitGroupedBySoldDateWhereProfitNegative,1,200,1629798592715,1629798596775,5630,576372,62,0,0,0
133,avgNetProfitGroupedBySoldDateWhereProfitNegative,0,1,1629798615528,1629798678396,58192,2177,39116,0,0,0
134,avgNetProfitGroupedBySoldDateWhereProfitNegative,1,200,1629798678435,1629798683015,6122,576501,616,0,0,0
135,avgNetProfitGroupedBySoldDateWhereProfitNegative,0,1,1629798695231,1629798786588,86749,2178,38135,0,0,0
136,avgNetProfitGroupedBySoldDateWhereProfitNegative,1,200,1629798786628,1629798791177,6282,576458,632,0,0,0
137,avgNetProfitGroupedBySoldDateWhereProfitNegative,0,1,1629798805036,1629798864659,55076,2220,35659,0,0,0
138,avgNetProfitGroupedBySoldDateWhereProfitNegative,1,200,1629798864699,1629798869258,6271,576544,873,0,0,0
139,avgNetProfitGroupedBySoldDateWhereProfitNegative,0,1,1629798881369,1629798942053,56048,2177,36597,0,0,0
140,avgNetProfitGroupedBySoldDateWhereProfitNegative,1,200,1629798942093,1629798946483,5967,576372,467,0,0,0
141,avgNetProfitGroupedBySoldDateWhereProfitNegative,0,1,1629798971697,1629799034731,58429,2177,38887,0,0,0
142,avgNetProfitGroupedBySoldDateWhereProfitNegative,1,200,1629799034770,1629799039265,6234,576501,824,0,0,0
143,avgNetProfitGroupedBySoldDateWhereProfitNegative,0,1,1629799054697,1629799113033,53694,2177,34361,0,0,0
144,avgNetProfitGroupedBySoldDateWhereProfitNegative,1,200,1629799113070,1629799117363,5592,576415,381,0,0,0
145,avgNetProfitGroupedBySoldDateWhereProfitNegative,0,1,1629799123862,1629799182853,54458,2177,35123,0,0,0
146,avgNetProfitGroupedBySoldDateWhereProfitNegative,1,200,1629799182890,1629799187350,6112,576415,632,0,0,0
147,avgNetProfitGroupedBySoldDateWhereProfitNegative,0,1,1629799175625,1629799239678,59398,2178,40183,0,0,0
148,avgNetProfitGroupedBySoldDateWhereProfitNegative,1,200,1629799239718,1629799244188,6002,576415,495,0,0,0
149,avgNetProfitGroupedBySoldDateWhereProfitNegative,0,1,1629799297455,1629799358100,56082,2178,36332,0,0,0
150,avgNetProfitGroupedBySoldDateWhereProfitNegative,1,200,1629799358151,1629799362827,6677,576458,644,0,0,0
151,avgNetProfitGroupedBySoldDateWhereYearAfter2000,1,1,1629799379744,1629799388867,4523,2031,5301,0,0,0
152,avgNetProfitGroupedBySoldDateWhereYearAfter2000,0,1,1629799379418,1629799433320,52600,1969,37791,0,0,0
153,avgNetProfitGroupedBySoldDateWhereYearAfter2000,2,200,1629799433358,1629799448677,26083,936864,2806,26923302912,0,0
154,avgNetProfitGroupedBySoldDateWhereYearAfter2000,3,200,1629799448705,1629799452262,5344,1002815,69,0,0,0
155,avgNetProfitGroupedBySoldDateWhereYearAfter2000,1,1,1629799465201,1629799469302,980,2030,322,0,0,0
156,avgNetProfitGroupedBySoldDateWhereYearAfter2000,0,1,1629799465058,1629799518465,52312,1969,36419,0,0,0
157,avgNetProfitGroupedBySoldDateWhereYearAfter2000,2,200,1629799518503,1629799535724,58379,937892,13675,26923302912,0,0
158,avgNetProfitGroupedBySoldDateWhereYearAfter2000,3,200,1629799535754,1629799539951,6462,1002815,86,0,0,0
159,avgNetProfitGroupedBySoldDateWhereYearAfter2000,1,1,1629799554655,1629799558857,1084,2074,297,0,0,0
160,avgNetProfitGroupedBySoldDateWhereYearAfter2000,0,1,1629799554329,1629799608558,52908,1969,36274,0,0,0
161,avgNetProfitGroupedBySoldDateWhereYearAfter2000,2,200,1629799608598,1629799625331,54774,938021,11198,26923302912,0,0
162,avgNetProfitGroupedBySoldDateWhereYearAfter2000,3,200,1629799625369,1629799629558,6564,1003030,160,0,0,0
163,avgNetProfitGroupedBySoldDateWhereYearAfter2000,1,1,1629799651484,1629799655639,1051,2030,302,0,0,0
164,avgNetProfitGroupedBySoldDateWhereYearAfter2000,0,1,1629799651142,1629799700939,48500,1969,32552,0,0,0
165,avgNetProfitGroupedBySoldDateWhereYearAfter2000,2,200,1629799700979,1629799720203,61462,937073,17931,26923302912,0,0
166,avgNetProfitGroupedBySoldDateWhereYearAfter2000,3,200,1629799720239,1629799724179,6150,1002772,88,0,0,0
167,avgNetProfitGroupedBySoldDateWhereYearAfter2000,1,1,1629799735804,1629799740046,1133,2031,277,0,0,0
168,avgNetProfitGroupedBySoldDateWhereYearAfter2000,0,1,1629799735666,1629799784385,47622,1968,31844,0,0,0
169,avgNetProfitGroupedBySoldDateWhereYearAfter2000,2,200,1629799784422,1629799804312,61850,936504,17996,26923302912,0,0
170,avgNetProfitGroupedBySoldDateWhereYearAfter2000,3,200,1629799804341,1629799808426,6426,1002815,119,0,0,0
171,avgNetProfitGroupedBySoldDateWhereYearAfter2000,1,1,1629799793539,1629799797629,970,2030,296,0,0,0
172,avgNetProfitGroupedBySoldDateWhereYearAfter2000,0,1,1629799793192,1629799842863,48336,1968,32271,0,0,0
173,avgNetProfitGroupedBySoldDateWhereYearAfter2000,2,200,1629799842905,1629799862735,62112,936545,18718,26923302912,0,0
174,avgNetProfitGroupedBySoldDateWhereYearAfter2000,3,200,1629799862769,1629799866848,6044,1002772,85,0,0,0
175,avgNetProfitGroupedBySoldDateWhereYearAfter2000,1,1,1629799918049,1629799922202,1108,2031,279,0,0,0
176,avgNetProfitGroupedBySoldDateWhereYearAfter2000,0,1,1629799917912,1629799994890,75870,1969,30141,0,0,0
177,avgNetProfitGroupedBySoldDateWhereYearAfter2000,2,200,1629799994927,1629800012437,57696,936387,12439,26923302912,0,0
178,avgNetProfitGroupedBySoldDateWhereYearAfter2000,3,200,1629800012464,1629800016591,6079,1002772,94,0,0,0
179,avgNetProfitGroupedBySoldDateWhereYearAfter2000,1,1,1629800033353,1629800037468,958,2031,311,0,0,0
180,avgNetProfitGroupedBySoldDateWhereYearAfter2000,0,1,1629800033022,1629800080226,45906,1968,30094,0,0,0
181,avgNetProfitGroupedBySoldDateWhereYearAfter2000,2,200,1629800080268,1629800097328,55849,936719,12204,26923302912,0,0
182,avgNetProfitGroupedBySoldDateWhereYearAfter2000,3,200,1629800097358,1629800101809,7122,1002815,100,0,0,0
183,avgNetProfitGroupedBySoldDateWhereYearAfter2000,1,1,1629800117009,1629800121068,997,2030,284,0,0,0
184,avgNetProfitGroupedBySoldDateWhereYearAfter2000,0,1,1629800116650,1629800164300,46351,1969,30888,0,0,0
185,avgNetProfitGroupedBySoldDateWhereYearAfter2000,2,200,1629800164339,1629800184743,61440,936731,19410,26923302912,0,0
186,avgNetProfitGroupedBySoldDateWhereYearAfter2000,3,200,1629800184774,1629800188693,6062,1002815,121,0,0,0
187,avgNetProfitGroupedBySoldDateWhereYearAfter2000,0,1,1629800206454,1629800210827,992,2031,288,0,0,0
188,avgNetProfitGroupedBySoldDateWhereYearAfter2000,1,1,1629800206778,1629800255290,47526,1968,31603,0,0,0
189,avgNetProfitGroupedBySoldDateWhereYearAfter2000,2,200,1629800255327,1629800272586,57644,936719,13295,26923302912,0,0
190,avgNetProfitGroupedBySoldDateWhereYearAfter2000,3,200,1629800272615,1629800276872,6786,1002901,141,0,0,0
191,avgNetProfitGroupedBySoldDateWhereYearAfter2000,1,1,1629800292921,1629800297138,1144,2031,315,0,0,0
192,avgNetProfitGroupedBySoldDateWhereYearAfter2000,0,1,1629800292502,1629800371432,77582,1969,32119,0,0,0
193,avgNetProfitGroupedBySoldDateWhereYearAfter2000,2,200,1629800371470,1629800388528,56886,936989,11657,26923302912,0,0
194,avgNetProfitGroupedBySoldDateWhereYearAfter2000,3,200,1629800388558,1629800392558,5987,1002815,103,0,0,0
195,avgNetProfitGroupedBySoldDateWhereYearAfter2000,1,1,1629800411974,1629800416162,1081,2031,288,0,0,0
196,avgNetProfitGroupedBySoldDateWhereYearAfter2000,0,1,1629800411632,1629800462096,49148,1969,33078,0,0,0
197,avgNetProfitGroupedBySoldDateWhereYearAfter2000,2,200,1629800462135,1629800482078,61503,937288,17715,26923302912,0,0
198,avgNetProfitGroupedBySoldDateWhereYearAfter2000,3,200,1629800482109,1629800486204,6182,1002858,124,0,0,0
199,avgNetProfitGroupedBySoldDateWhereYearAfter2000,1,1,1629800508351,1629800512515,1084,2030,293,0,0,0
200,avgNetProfitGroupedBySoldDateWhereYearAfter2000,0,1,1629800508020,1629800556839,47493,1969,31688,0,0,0
201,avgNetProfitGroupedBySoldDateWhereYearAfter2000,2,200,1629800556886,1629800576784,61585,936557,18277,26923302912,0,0
202,avgNetProfitGroupedBySoldDateWhereYearAfter2000,3,200,1629800576819,1629800580798,6259,1002772,110,0,0,0
203,avgNetProfitGroupedBySoldDateWhereYearAfter2000,1,1,1629800583218,1629800587998,1404,2074,317,0,0,0
204,avgNetProfitGroupedBySoldDateWhereYearAfter2000,0,1,1629800583072,1629800631732,47566,1968,31698,0,0,0
205,avgNetProfitGroupedBySoldDateWhereYearAfter2000,2,200,1629800631776,1629800648601,55106,936631,11870,26923302912,0,0
206,avgNetProfitGroupedBySoldDateWhereYearAfter2000,3,200,1629800648642,1629800652907,6644,1002901,124,0,0,0
207,avgNetProfitGroupedBySoldDateWhereYearAfter2000,1,1,1629800673237,1629800677273,975,2031,293,0,0,0
208,avgNetProfitGroupedBySoldDateWhereYearAfter2000,0,1,1629800672903,1629800731531,57278,1969,41348,0,0,0
209,avgNetProfitGroupedBySoldDateWhereYearAfter2000,2,200,1629800731576,1629800749857,59813,937376,15327,26923302912,0,0
210,avgNetProfitGroupedBySoldDateWhereYearAfter2000,3,200,1629800749888,1629800753837,6078,1002772,82,0,0,0
211,avgNetProfitGroupedBySoldDateWhereYearAfter2000,1,1,1629800767039,1629800771264,1112,2030,305,0,0,0
212,avgNetProfitGroupedBySoldDateWhereYearAfter2000,0,1,1629800766689,1629800825212,57190,1968,41421,0,0,0
213,avgNetProfitGroupedBySoldDateWhereYearAfter2000,2,200,1629800825253,1629800845519,64141,937319,19474,26923302912,0,0
214,avgNetProfitGroupedBySoldDateWhereYearAfter2000,3,200,1629800845552,1629800849747,6590,1002815,75,0,0,0
215,avgNetProfitGroupedBySoldDateWhereYearAfter2000,1,1,1629800838645,1629800842660,963,2074,277,0,0,0
216,avgNetProfitGroupedBySoldDateWhereYearAfter2000,0,1,1629800838479,1629800887435,47813,1969,32027,0,0,0
217,avgNetProfitGroupedBySoldDateWhereYearAfter2000,2,200,1629800887477,1629800908131,61542,936729,19075,26923302912,0,0
218,avgNetProfitGroupedBySoldDateWhereYearAfter2000,3,200,1629800908162,1629800912439,6471,1002772,82,0,0,0
219,avgNetProfitGroupedBySoldDateWhereYearAfter2000,1,1,1629800966998,1629800971091,1049,2031,279,0,0,0
220,avgNetProfitGroupedBySoldDateWhereYearAfter2000,0,1,1629800966618,1629801014510,46525,1969,30505,0,0,0
221,avgNetProfitGroupedBySoldDateWhereYearAfter2000,2,200,1629801014548,1629801035055,61536,936514,18624,26923302912,0,0
222,avgNetProfitGroupedBySoldDateWhereYearAfter2000,3,200,1629801035088,1629801039227,6511,1002815,119,0,0,0
223,avgNetProfitGroupedBySoldDateWhereYearAfter2000,1,1,1629801049627,1629801054201,1222,2074,285,0,0,0
224,avgNetProfitGroupedBySoldDateWhereYearAfter2000,0,1,1629801049267,1629801097149,46522,1969,30501,0,0,0
225,avgNetProfitGroupedBySoldDateWhereYearAfter2000,2,200,1629801097189,1629801117567,62192,936645,18538,26923302912,0,0
226,avgNetProfitGroupedBySoldDateWhereYearAfter2000,3,200,1629801117605,1629801122200,7231,1002729,726,0,0,0
227,avgNetProfitGroupedBySoldDateWhereYearAfter2000,1,1,1629801144270,1629801148382,987,2030,286,0,0,0
228,avgNetProfitGroupedBySoldDateWhereYearAfter2000,0,1,1629801143933,1629801192836,47555,1969,31288,0,0,0
229,avgNetProfitGroupedBySoldDateWhereYearAfter2000,2,200,1629801192875,1629801209978,55526,936901,11854,26923302912,0,0
230,avgNetProfitGroupedBySoldDateWhereYearAfter2000,3,200,1629801210012,1629801214086,6114,1002815,102,0,0,0
231,avgNetProfitGroupedBySoldDateWhereYearAfter2000,1,1,1629801231611,1629801235702,958,2031,314,0,0,0
232,avgNetProfitGroupedBySoldDateWhereYearAfter2000,0,1,1629801231474,1629801278741,46191,1969,30443,0,0,0
233,avgNetProfitGroupedBySoldDateWhereYearAfter2000,2,200,1629801278779,1629801298860,61587,936299,17736,26923302912,0,0
234,avgNetProfitGroupedBySoldDateWhereYearAfter2000,3,200,1629801298894,1629801303341,6260,1002729,409,0,0,0
235,avgNetProfitGroupedBySoldDateWhereYearAfter2000,1,1,1629801319833,1629801330420,4320,2030,6601,0,0,0
236,avgNetProfitGroupedBySoldDateWhereYearAfter2000,0,1,1629801319510,1629801370824,49944,1968,35682,0,0,0
237,avgNetProfitGroupedBySoldDateWhereYearAfter2000,2,200,1629801370864,1629801385891,25496,936535,1905,26923302912,0,0
238,avgNetProfitGroupedBySoldDateWhereYearAfter2000,3,200,1629801385919,1629801389573,5591,1002858,117,0,0,0
239,avgNetProfitGroupedBySoldDateWhereYearAfter2000,1,1,1629801402157,1629801406171,959,2031,291,0,0,0
240,avgNetProfitGroupedBySoldDateWhereYearAfter2000,0,1,1629801401841,1629801452026,48931,1968,33300,0,0,0
241,avgNetProfitGroupedBySoldDateWhereYearAfter2000,2,200,1629801452063,1629801470957,61279,936848,18435,26923302912,0,0
242,avgNetProfitGroupedBySoldDateWhereYearAfter2000,3,200,1629801470986,1629801475053,6291,1002815,92,0,0,0
243,avgNetProfitGroupedBySoldDateWhereYearAfter2000,1,1,1629801458178,1629801462481,1167,2074,272,0,0,0
244,avgNetProfitGroupedBySoldDateWhereYearAfter2000,0,1,1629801458024,1629801516752,57610,1969,41849,0,0,0
245,avgNetProfitGroupedBySoldDateWhereYearAfter2000,2,200,1629801516793,1629801540330,69448,938234,24046,26923302912,0,0
246,avgNetProfitGroupedBySoldDateWhereYearAfter2000,3,200,1629801540363,1629801544678,6417,1002772,297,0,0,0
247,avgNetProfitGroupedBySoldDateWhereYearAfter2000,1,1,1629801594709,1629801598898,1031,2074,288,0,0,0
248,avgNetProfitGroupedBySoldDateWhereYearAfter2000,0,1,1629801594573,1629801642631,46889,1968,31049,0,0,0
249,avgNetProfitGroupedBySoldDateWhereYearAfter2000,2,200,1629801642668,1629801661552,60417,936502,16781,26923302912,0,0
250,avgNetProfitGroupedBySoldDateWhereYearAfter2000,3,200,1629801661585,1629801665904,6708,1002772,89,0,0,0
251,countNetProfitGroupedBySoldDateWhereYearAfter2000,1,1,1629801682046,1629801686341,1155,2074,310,0,0,0
252,countNetProfitGroupedBySoldDateWhereYearAfter2000,0,1,1629801681700,1629801767514,84344,1969,38193,0,0,0
253,countNetProfitGroupedBySoldDateWhereYearAfter2000,2,200,1629801767554,1629801785336,56543,937978,12081,26923302912,0,0
254,countNetProfitGroupedBySoldDateWhereYearAfter2000,3,200,1629801785371,1629801789206,5441,1002901,109,0,0,0
255,countNetProfitGroupedBySoldDateWhereYearAfter2000,1,1,1629801806463,1629801810562,987,2030,309,0,0,0
256,countNetProfitGroupedBySoldDateWhereYearAfter2000,0,1,1629801806063,1629801854530,47131,1968,31464,0,0,0
257,countNetProfitGroupedBySoldDateWhereYearAfter2000,2,200,1629801854569,1629801871588,56771,936717,12375,26923302912,0,0
258,countNetProfitGroupedBySoldDateWhereYearAfter2000,3,200,1629801871618,1629801875244,5535,1002858,136,0,0,0
259,countNetProfitGroupedBySoldDateWhereYearAfter2000,1,1,1629801895967,1629801900184,1102,2073,304,0,0,0
260,countNetProfitGroupedBySoldDateWhereYearAfter2000,0,1,1629801895605,1629801974365,77341,1969,32120,0,0,0
261,countNetProfitGroupedBySoldDateWhereYearAfter2000,2,200,1629801974409,1629801991904,57392,937331,12446,26923302912,0,0
262,countNetProfitGroupedBySoldDateWhereYearAfter2000,3,200,1629801991935,1629801995705,5360,1002815,100,0,0,0
263,countNetProfitGroupedBySoldDateWhereYearAfter2000,1,1,1629802007282,1629802011317,955,2031,303,0,0,0
264,countNetProfitGroupedBySoldDateWhereYearAfter2000,0,1,1629802007143,1629802063773,55497,1969,39664,0,0,0
265,countNetProfitGroupedBySoldDateWhereYearAfter2000,2,200,1629802063814,1629802082436,60878,940300,15258,26923302912,0,0
266,countNetProfitGroupedBySoldDateWhereYearAfter2000,3,200,1629802082468,1629802086074,5310,1002987,103,0,0,0
267,countNetProfitGroupedBySoldDateWhereYearAfter2000,0,1,1629802103980,1629802108367,1005,2030,291,0,0,0
268,countNetProfitGroupedBySoldDateWhereYearAfter2000,1,1,1629802104295,1629802184109,78787,1969,33128,0,0,0
269,countNetProfitGroupedBySoldDateWhereYearAfter2000,2,200,1629802184147,1629802202743,58815,936258,15405,26923302912,0,0
270,countNetProfitGroupedBySoldDateWhereYearAfter2000,3,200,1629802202773,1629802206639,5488,1002686,232,0,0,0
271,countNetProfitGroupedBySoldDateWhereYearAfter2000,1,1,1629802227143,1629802231454,1227,2031,279,0,0,0
272,countNetProfitGroupedBySoldDateWhereYearAfter2000,0,1,1629802226823,1629802311875,83668,1969,38085,0,0,0
273,countNetProfitGroupedBySoldDateWhereYearAfter2000,2,200,1629802311912,1629802332714,62688,937030,17801,26923302912,0,0
274,countNetProfitGroupedBySoldDateWhereYearAfter2000,3,200,1629802332741,1629802336487,5275,1002686,157,0,0,0
275,countNetProfitGroupedBySoldDateWhereYearAfter2000,1,1,1629802315461,1629802319678,1118,2031,289,0,0,0
276,countNetProfitGroupedBySoldDateWhereYearAfter2000,0,1,1629802315092,1629802368480,52090,1969,36503,0,0,0
277,countNetProfitGroupedBySoldDateWhereYearAfter2000,2,200,1629802368524,1629802388013,61636,938449,17531,26923302912,0,0
278,countNetProfitGroupedBySoldDateWhereYearAfter2000,3,200,1629802388047,1629802391650,5202,1002901,115,0,0,0
279,countNetProfitGroupedBySoldDateWhereYearAfter2000,1,1,1629802441996,1629802446171,1125,2073,268,0,0,0
280,countNetProfitGroupedBySoldDateWhereYearAfter2000,0,1,1629802441621,1629802498650,55684,1968,39940,0,0,0
281,countNetProfitGroupedBySoldDateWhereYearAfter2000,2,200,1629802498687,1629802516314,58457,939942,13436,26923302912,0,0
282,countNetProfitGroupedBySoldDateWhereYearAfter2000,3,200,1629802516350,1629802519843,5221,1002987,117,0,0,0
283,countNetProfitGroupedBySoldDateWhereYearAfter2000,1,1,1629802537689,1629802547297,3844,2031,5824,0,0,0
284,countNetProfitGroupedBySoldDateWhereYearAfter2000,0,1,1629802537336,1629802586005,47199,1969,32413,0,0,0
285,countNetProfitGroupedBySoldDateWhereYearAfter2000,2,200,1629802586042,1629802601153,25572,936907,2364,26923302912,0,0
286,countNetProfitGroupedBySoldDateWhereYearAfter2000,3,200,1629802601182,1629802604485,4880,1002944,162,0,0,0
287,countNetProfitGroupedBySoldDateWhereYearAfter2000,1,1,1629802624511,1629802628801,1234,2074,282,0,0,0
288,countNetProfitGroupedBySoldDateWhereYearAfter2000,0,1,1629802624173,1629802680813,55335,1968,39535,0,0,0
289,countNetProfitGroupedBySoldDateWhereYearAfter2000,2,200,1629802680852,1629802699326,59610,940716,14825,26923302912,0,0
290,countNetProfitGroupedBySoldDateWhereYearAfter2000,3,200,1629802699354,1629802702992,5450,1003159,135,0,0,0
291,countNetProfitGroupedBySoldDateWhereYearAfter2000,1,1,1629802713974,1629802718134,1131,2031,244,0,0,0
292,countNetProfitGroupedBySoldDateWhereYearAfter2000,0,1,1629802713596,1629802762770,47786,1969,31907,0,0,0
293,countNetProfitGroupedBySoldDateWhereYearAfter2000,2,200,1629802762809,1629802782549,59952,936645,17599,26923302912,0,0
294,countNetProfitGroupedBySoldDateWhereYearAfter2000,3,200,1629802782581,1629802786678,6403,1002858,120,0,0,0
295,countNetProfitGroupedBySoldDateWhereYearAfter2000,1,1,1629802803197,1629802807409,1106,2031,304,0,0,0
296,countNetProfitGroupedBySoldDateWhereYearAfter2000,0,1,1629802802859,1629802861308,57181,1968,41283,0,0,0
297,countNetProfitGroupedBySoldDateWhereYearAfter2000,2,200,1629802861346,1629802883578,66168,937536,20717,26923302912,0,0
298,countNetProfitGroupedBySoldDateWhereYearAfter2000,3,200,1629802883611,1629802887010,5038,1002729,85,0,0,0
299,countNetProfitGroupedBySoldDateWhereYearAfter2000,1,1,1629802872216,1629802876430,1077,2030,282,0,0,0
300,countNetProfitGroupedBySoldDateWhereYearAfter2000,0,1,1629802871831,1629802927022,53881,1969,38056,0,0,0
301,countNetProfitGroupedBySoldDateWhereYearAfter2000,2,200,1629802927070,1629802943671,54147,938320,10762,26923302912,0,0
302,countNetProfitGroupedBySoldDateWhereYearAfter2000,3,200,1629802943703,1629802947507,5588,1003030,152,0,0,0
303,countNetProfitGroupedBySoldDateWhereYearAfter2000,0,1,1629802997273,1629803001619,945,2030,293,0,0,0
304,countNetProfitGroupedBySoldDateWhereYearAfter2000,1,1,1629802997587,1629803077031,78412,2012,32343,0,0,0
305,countNetProfitGroupedBySoldDateWhereYearAfter2000,2,200,1629803077068,1629803094138,57266,937118,12347,26923302912,0,0
306,countNetProfitGroupedBySoldDateWhereYearAfter2000,3,200,1629803094167,1629803097943,5373,1002729,61,0,0,0
307,countNetProfitGroupedBySoldDateWhereYearAfter2000,1,1,1629803115633,1629803119861,1148,2030,293,0,0,0
308,countNetProfitGroupedBySoldDateWhereYearAfter2000,0,1,1629803115496,1629803200470,83810,1969,38535,0,0,0
309,countNetProfitGroupedBySoldDateWhereYearAfter2000,2,200,1629803200507,1629803220212,63236,936774,17193,26923302912,0,0
310,countNetProfitGroupedBySoldDateWhereYearAfter2000,3,200,1629803220239,1629803224106,5662,1002772,132,0,0,0
311,countNetProfitGroupedBySoldDateWhereYearAfter2000,0,1,1629803239930,1629803244618,1239,2031,316,0,0,0
312,countNetProfitGroupedBySoldDateWhereYearAfter2000,1,1,1629803240248,1629803291668,50455,2012,34653,0,0,0
313,countNetProfitGroupedBySoldDateWhereYearAfter2000,2,200,1629803291707,1629803311544,62449,936989,18043,26923302912,0,0
314,countNetProfitGroupedBySoldDateWhereYearAfter2000,3,200,1629803311576,1629803315170,5431,1002729,72,0,0,0
315,countNetProfitGroupedBySoldDateWhereYearAfter2000,1,1,1629803335138,1629803339219,996,2031,305,0,0,0
316,countNetProfitGroupedBySoldDateWhereYearAfter2000,0,1,1629803335000,1629803383755,47662,1969,31634,0,0,0
317,countNetProfitGroupedBySoldDateWhereYearAfter2000,2,200,1629803383795,1629803400979,55807,937245,12231,26923302912,0,0
318,countNetProfitGroupedBySoldDateWhereYearAfter2000,3,200,1629803401015,1629803404589,5168,1002858,118,0,0,0
319,countNetProfitGroupedBySoldDateWhereYearAfter2000,1,1,1629803416457,1629803420604,1056,2030,288,0,0,0
320,countNetProfitGroupedBySoldDateWhereYearAfter2000,0,1,1629803416134,1629803494440,76932,1969,31571,0,0,0
321,countNetProfitGroupedBySoldDateWhereYearAfter2000,2,200,1629803494479,1629803512239,57873,939526,12807,26923302912,0,0
322,countNetProfitGroupedBySoldDateWhereYearAfter2000,3,200,1629803512269,1629803516064,5403,1003030,166,0,0,0
323,countNetProfitGroupedBySoldDateWhereYearAfter2000,1,1,1629803532448,1629803537015,1231,2031,295,0,0,0
324,countNetProfitGroupedBySoldDateWhereYearAfter2000,0,1,1629803532091,1629803590978,57607,1969,41881,0,0,0
325,countNetProfitGroupedBySoldDateWhereYearAfter2000,2,200,1629803591016,1629803613051,67095,938234,22593,26923302912,0,0
326,countNetProfitGroupedBySoldDateWhereYearAfter2000,3,200,1629803613079,1629803616957,5927,1002772,850,0,0,0
327,countNetProfitGroupedBySoldDateWhereYearAfter2000,1,1,1629803601674,1629803605969,1213,2074,304,0,0,0
328,countNetProfitGroupedBySoldDateWhereYearAfter2000,0,1,1629803601293,1629803658763,56128,1969,40038,0,0,0
329,countNetProfitGroupedBySoldDateWhereYearAfter2000,2,200,1629803658804,1629803677080,58853,939696,14199,26923302912,0,0
330,countNetProfitGroupedBySoldDateWhereYearAfter2000,3,200,1629803677115,1629803680863,5438,1002987,120,0,0,0
331,countNetProfitGroupedBySoldDateWhereYearAfter2000,0,1,1629803735947,1629803740123,971,2030,279,0,0,0
332,countNetProfitGroupedBySoldDateWhereYearAfter2000,1,1,1629803736089,1629803782857,45780,1969,29726,0,0,0
333,countNetProfitGroupedBySoldDateWhereYearAfter2000,2,200,1629803782899,1629803799981,56429,937976,11652,26923302912,0,0
334,countNetProfitGroupedBySoldDateWhereYearAfter2000,3,200,1629803800014,1629803803795,5543,1002858,107,0,0,0
335,countNetProfitGroupedBySoldDateWhereYearAfter2000,1,1,1629803810935,1629803815034,1008,2030,284,0,0,0
336,countNetProfitGroupedBySoldDateWhereYearAfter2000,0,1,1629803810790,1629803864434,52503,1969,36708,0,0,0
337,countNetProfitGroupedBySoldDateWhereYearAfter2000,2,200,1629803864474,1629803886721,67734,939223,22416,26923302912,0,0
338,countNetProfitGroupedBySoldDateWhereYearAfter2000,3,200,1629803886752,1629803890490,5685,1002901,128,0,0,0
339,countNetProfitGroupedBySoldDateWhereYearAfter2000,0,1,1629803912746,1629803917139,1017,2031,303,0,0,0
340,countNetProfitGroupedBySoldDateWhereYearAfter2000,1,1,1629803913074,1629803961748,47655,1969,31525,0,0,0
341,countNetProfitGroupedBySoldDateWhereYearAfter2000,2,200,1629803961787,1629803980425,60735,936989,16441,26923302912,0,0
342,countNetProfitGroupedBySoldDateWhereYearAfter2000,3,200,1629803980456,1629803984209,5738,1002772,106,0,0,0
343,countNetProfitGroupedBySoldDateWhereYearAfter2000,1,1,1629803998564,1629804005802,1285,2030,3236,0,0,0
344,countNetProfitGroupedBySoldDateWhereYearAfter2000,0,1,1629803998423,1629804046216,46572,1968,31792,0,0,0
345,countNetProfitGroupedBySoldDateWhereYearAfter2000,2,200,1629804046257,1629804061744,26185,936922,2284,26923302912,0,0
346,countNetProfitGroupedBySoldDateWhereYearAfter2000,3,200,1629804061775,1629804064967,4676,1002815,91,0,0,0
347,countNetProfitGroupedBySoldDateWhereYearAfter2000,1,1,1629804082564,1629804086845,1204,2031,267,0,0,0
348,countNetProfitGroupedBySoldDateWhereYearAfter2000,0,1,1629804082224,1629804134151,50629,1969,34828,0,0,0
349,countNetProfitGroupedBySoldDateWhereYearAfter2000,2,200,1629804134192,1629804151809,57803,937546,13153,26923302912,0,0
350,countNetProfitGroupedBySoldDateWhereYearAfter2000,3,200,1629804151839,1629804155336,5268,1002901,140,0,0,0
351,minNetProfitGroupedBySoldDateWhereYearAfter2000,1,1,1629804182007,1629804186724,1327,2074,273,0,0,0
352,minNetProfitGroupedBySoldDateWhereYearAfter2000,0,1,1629804181869,1629804230599,47551,1969,31497,0,0,0
353,minNetProfitGroupedBySoldDateWhereYearAfter2000,2,200,1629804230641,1629804249860,60728,936987,16710,26923302912,0,0
354,minNetProfitGroupedBySoldDateWhereYearAfter2000,3,200,1629804249893,1629804253581,5642,1002772,71,0,0,0
355,minNetProfitGroupedBySoldDateWhereYearAfter2000,1,1,1629804264695,1629804268777,1032,2031,284,0,0,0
356,minNetProfitGroupedBySoldDateWhereYearAfter2000,0,1,1629804264565,1629804320014,54290,1969,38801,0,0,0
357,minNetProfitGroupedBySoldDateWhereYearAfter2000,2,200,1629804320055,1629804343449,68776,940298,24410,26923302912,0,0
358,minNetProfitGroupedBySoldDateWhereYearAfter2000,3,200,1629804343479,1629804347498,6066,1003288,230,0,0,0
359,minNetProfitGroupedBySoldDateWhereYearAfter2000,1,1,1629804358610,1629804362698,1065,2073,268,0,0,0
360,minNetProfitGroupedBySoldDateWhereYearAfter2000,0,1,1629804358471,1629804406786,47221,1969,31560,0,0,0
361,minNetProfitGroupedBySoldDateWhereYearAfter2000,2,200,1629804406827,1629804426900,61799,937032,16766,26923302912,0,0
362,minNetProfitGroupedBySoldDateWhereYearAfter2000,3,200,1629804426936,1629804430846,6035,1002729,64,0,0,0
363,minNetProfitGroupedBySoldDateWhereYearAfter2000,1,1,1629804448933,1629804453010,975,2030,298,0,0,0
364,minNetProfitGroupedBySoldDateWhereYearAfter2000,0,1,1629804448792,1629804502139,52218,1969,36550,0,0,0
365,minNetProfitGroupedBySoldDateWhereYearAfter2000,2,200,1629804502177,1629804520640,58748,937720,14478,26923302912,0,0
366,minNetProfitGroupedBySoldDateWhereYearAfter2000,3,200,1629804520670,1629804524698,6214,1002987,170,0,0,0
367,minNetProfitGroupedBySoldDateWhereYearAfter2000,1,1,1629804507844,1629804511982,1036,2030,289,0,0,0
368,minNetProfitGroupedBySoldDateWhereYearAfter2000,0,1,1629804507681,1629804556769,47925,1969,31527,0,0,0
369,minNetProfitGroupedBySoldDateWhereYearAfter2000,2,200,1629804556813,1629804574395,57803,937159,13624,26923302912,0,0
370,minNetProfitGroupedBySoldDateWhereYearAfter2000,3,200,1629804574428,1629804578376,5862,1002901,131,0,0,0
371,minNetProfitGroupedBySoldDateWhereYearAfter2000,1,1,1629804633467,1629804638160,1290,2074,293,0,0,0
372,minNetProfitGroupedBySoldDateWhereYearAfter2000,0,1,1629804633140,1629804681640,47122,1969,31418,0,0,0
373,minNetProfitGroupedBySoldDateWhereYearAfter2000,2,200,1629804681679,1629804698869,56891,937030,12351,26923302912,0,0
374,minNetProfitGroupedBySoldDateWhereYearAfter2000,3,200,1629804698899,1629804702728,5871,1002772,92,0,0,0
375,minNetProfitGroupedBySoldDateWhereYearAfter2000,1,1,1629804713158,1629804717294,1063,2031,293,0,0,0
376,minNetProfitGroupedBySoldDateWhereYearAfter2000,0,1,1629804712803,1629804787325,73109,1969,27915,0,0,0
377,minNetProfitGroupedBySoldDateWhereYearAfter2000,2,200,1629804787364,1629804805022,56330,936301,12630,26923302912,0,0
378,minNetProfitGroupedBySoldDateWhereYearAfter2000,3,200,1629804805055,1629804809512,6769,1002729,76,0,0,0
379,minNetProfitGroupedBySoldDateWhereYearAfter2000,1,1,1629804826471,1629804830609,1096,2073,264,0,0,0
380,minNetProfitGroupedBySoldDateWhereYearAfter2000,0,1,1629804826110,1629804874651,47203,1969,31441,0,0,0
381,minNetProfitGroupedBySoldDateWhereYearAfter2000,2,200,1629804874691,1629804891787,56443,936903,12192,26923302912,0,0
382,minNetProfitGroupedBySoldDateWhereYearAfter2000,3,200,1629804891820,1629804895873,6260,1002686,42,0,0,0
383,minNetProfitGroupedBySoldDateWhereYearAfter2000,1,1,1629804913131,1629804923165,4178,2074,6020,0,0,0
384,minNetProfitGroupedBySoldDateWhereYearAfter2000,0,1,1629804912789,1629804961826,47586,1969,32744,0,0,0
385,minNetProfitGroupedBySoldDateWhereYearAfter2000,2,200,1629804961865,1629804976740,25187,936864,1919,26923302912,0,0
386,minNetProfitGroupedBySoldDateWhereYearAfter2000,3,200,1629804976770,1629804980277,5248,1002729,51,0,0,0
387,minNetProfitGroupedBySoldDateWhereYearAfter2000,1,1,1629804964319,1629804968429,972,2030,303,0,0,0
388,minNetProfitGroupedBySoldDateWhereYearAfter2000,0,1,1629804964158,1629805012880,47574,1969,31718,0,0,0
389,minNetProfitGroupedBySoldDateWhereYearAfter2000,2,200,1629805012922,1629805031283,59111,936858,15164,26923302912,0,0
390,minNetProfitGroupedBySoldDateWhereYearAfter2000,3,200,1629805031318,1629805035327,5910,1002686,52,0,0,0
391,minNetProfitGroupedBySoldDateWhereYearAfter2000,1,1,1629805086230,1629805090447,1084,2031,288,0,0,0
392,minNetProfitGroupedBySoldDateWhereYearAfter2000,0,1,1629805085893,1629805134326,47131,1969,31335,0,0,0
393,minNetProfitGroupedBySoldDateWhereYearAfter2000,2,200,1629805134364,1629805153434,60374,937032,16473,26923302912,0,0
394,minNetProfitGroupedBySoldDateWhereYearAfter2000,3,200,1629805153467,1629805157183,5677,1002772,80,0,0,0
395,minNetProfitGroupedBySoldDateWhereYearAfter2000,1,1,1629805172114,1629805176299,1069,2030,292,0,0,0
396,minNetProfitGroupedBySoldDateWhereYearAfter2000,0,1,1629805171970,1629805220423,47336,2012,31435,0,0,0
397,minNetProfitGroupedBySoldDateWhereYearAfter2000,2,200,1629805220461,1629805237689,57322,937462,13064,26923302912,0,0
398,minNetProfitGroupedBySoldDateWhereYearAfter2000,3,200,1629805237719,1629805241515,5811,1002901,124,0,0,0
399,minNetProfitGroupedBySoldDateWhereYearAfter2000,0,1,1629805253763,1629805258186,973,2073,300,0,0,0
400,minNetProfitGroupedBySoldDateWhereYearAfter2000,1,1,1629805254135,1629805310846,55742,1968,40043,0,0,0
401,minNetProfitGroupedBySoldDateWhereYearAfter2000,2,200,1629805310887,1629805329017,59629,939727,14924,26923302912,0,0
402,minNetProfitGroupedBySoldDateWhereYearAfter2000,3,200,1629805329050,1629805332936,5967,1003073,200,0,0,0
403,minNetProfitGroupedBySoldDateWhereYearAfter2000,1,1,1629805349386,1629805354001,1254,2074,317,0,0,0
404,minNetProfitGroupedBySoldDateWhereYearAfter2000,0,1,1629805349069,1629805397742,47392,1968,31505,0,0,0
405,minNetProfitGroupedBySoldDateWhereYearAfter2000,2,200,1629805397784,1629805417492,62074,936416,18287,26923302912,0,0
406,minNetProfitGroupedBySoldDateWhereYearAfter2000,3,200,1629805417532,1629805421572,6293,1002901,130,0,0,0
407,minNetProfitGroupedBySoldDateWhereYearAfter2000,1,1,1629805442835,1629805453808,4388,2030,6596,0,0,0
408,minNetProfitGroupedBySoldDateWhereYearAfter2000,0,1,1629805442480,1629805491774,47904,1968,32872,0,0,0
409,minNetProfitGroupedBySoldDateWhereYearAfter2000,2,200,1629805491817,1629805506601,25095,936406,1844,26923302912,0,0
410,minNetProfitGroupedBySoldDateWhereYearAfter2000,3,200,1629805506632,1629805510154,5396,1002901,153,0,0,0
411,minNetProfitGroupedBySoldDateWhereYearAfter2000,0,1,1629805532212,1629805537208,1237,2074,290,0,0,0
412,minNetProfitGroupedBySoldDateWhereYearAfter2000,1,1,1629805532549,1629805589306,55833,2011,40091,0,0,0
413,minNetProfitGroupedBySoldDateWhereYearAfter2000,2,200,1629805589350,1629805607830,59075,940888,14872,26923302912,0,0
414,minNetProfitGroupedBySoldDateWhereYearAfter2000,3,200,1629805607859,1629805612192,6924,1003202,217,0,0,0
415,minNetProfitGroupedBySoldDateWhereYearAfter2000,1,1,1629805590961,1629805598407,1356,2074,3329,0,0,0
416,minNetProfitGroupedBySoldDateWhereYearAfter2000,0,1,1629805590607,1629805639732,47693,1969,32392,0,0,0
417,minNetProfitGroupedBySoldDateWhereYearAfter2000,2,200,1629805639775,1629805654688,24996,937079,1938,26923302912,0,0
418,minNetProfitGroupedBySoldDateWhereYearAfter2000,3,200,1629805654719,1629805658426,5339,1002858,96,0,0,0
419,minNetProfitGroupedBySoldDateWhereYearAfter2000,1,1,1629805710006,1629805714620,1227,2074,292,0,0,0
420,minNetProfitGroupedBySoldDateWhereYearAfter2000,0,1,1629805709659,1629805786635,75652,1969,31059,0,0,0
421,minNetProfitGroupedBySoldDateWhereYearAfter2000,2,200,1629805786674,1629805803682,56488,939612,11777,26923302912,0,0
422,minNetProfitGroupedBySoldDateWhereYearAfter2000,3,200,1629805803710,1629805807733,6095,1003030,138,0,0,0
423,minNetProfitGroupedBySoldDateWhereYearAfter2000,1,1,1629805824779,1629805829050,1142,2031,303,0,0,0
424,minNetProfitGroupedBySoldDateWhereYearAfter2000,0,1,1629805824400,1629805881023,55269,1968,39898,0,0,0
425,minNetProfitGroupedBySoldDateWhereYearAfter2000,2,200,1629805881062,1629805897875,56234,937923,11984,26923302912,0,0
426,minNetProfitGroupedBySoldDateWhereYearAfter2000,3,200,1629805897903,1629805901710,5873,1003030,124,0,0,0
427,minNetProfitGroupedBySoldDateWhereYearAfter2000,0,1,1629805911893,1629805916261,975,2031,289,0,0,0
428,minNetProfitGroupedBySoldDateWhereYearAfter2000,1,1,1629805912236,1629805991452,78151,1969,32515,0,0,0
429,minNetProfitGroupedBySoldDateWhereYearAfter2000,2,200,1629805991495,1629806010987,62033,936342,17490,26923302912,0,0
430,minNetProfitGroupedBySoldDateWhereYearAfter2000,3,200,1629806011026,1629806015285,6369,1002772,352,0,0,0
431,minNetProfitGroupedBySoldDateWhereYearAfter2000,1,1,1629806036409,1629806041055,1285,2031,287,0,0,0
432,minNetProfitGroupedBySoldDateWhereYearAfter2000,0,1,1629806036271,1629806086082,48673,1969,32997,0,0,0
433,minNetProfitGroupedBySoldDateWhereYearAfter2000,2,200,1629806086121,1629806104645,58628,937030,15466,26923302912,0,0
434,minNetProfitGroupedBySoldDateWhereYearAfter2000,3,200,1629806104677,1629806108809,6513,1002815,133,0,0,0
435,minNetProfitGroupedBySoldDateWhereYearAfter2000,1,1,1629806130292,1629806134418,1019,2031,287,0,0,0
436,minNetProfitGroupedBySoldDateWhereYearAfter2000,0,1,1629806130149,1629806177993,46769,1969,30899,0,0,0
437,minNetProfitGroupedBySoldDateWhereYearAfter2000,2,200,1629806178033,1629806195177,56478,937804,13094,26923302912,0,0
438,minNetProfitGroupedBySoldDateWhereYearAfter2000,3,200,1629806195212,1629806199083,5717,1002858,98,0,0,0
439,minNetProfitGroupedBySoldDateWhereYearAfter2000,1,1,1629806215476,1629806219579,1006,2031,300,0,0,0
440,minNetProfitGroupedBySoldDateWhereYearAfter2000,0,1,1629806215335,1629806264476,48019,1968,32284,0,0,0
441,minNetProfitGroupedBySoldDateWhereYearAfter2000,2,200,1629806264517,1629806281902,57754,937276,12140,26923302912,0,0
442,minNetProfitGroupedBySoldDateWhereYearAfter2000,3,200,1629806281936,1629806286294,6687,1002858,103,0,0,0
443,minNetProfitGroupedBySoldDateWhereYearAfter2000,1,1,1629806298318,1629806302385,995,2030,304,0,0,0
444,minNetProfitGroupedBySoldDateWhereYearAfter2000,0,1,1629806297991,1629806382909,83584,1969,37936,0,0,0
445,minNetProfitGroupedBySoldDateWhereYearAfter2000,2,200,1629806382947,1629806400230,58400,937933,13330,26923302912,0,0
446,minNetProfitGroupedBySoldDateWhereYearAfter2000,3,200,1629806400260,1629806404437,6269,1002901,106,0,0,0
447,minNetProfitGroupedBySoldDateWhereYearAfter2000,1,1,1629806422064,1629806426160,963,2030,297,0,0,0
448,minNetProfitGroupedBySoldDateWhereYearAfter2000,0,1,1629806421732,1629806506471,83374,1969,38322,0,0,0
449,minNetProfitGroupedBySoldDateWhereYearAfter2000,2,200,1629806506508,1629806524125,57981,936946,12476,26923302912,0,0
450,minNetProfitGroupedBySoldDateWhereYearAfter2000,3,200,1629806524153,1629806528205,6001,1002858,120,0,0,0
451,sumNetProfitGroupedBySoldDateWhereYearAfter2000,0,1,1629806553006,1629806557417,978,2031,282,0,0,0
452,sumNetProfitGroupedBySoldDateWhereYearAfter2000,1,1,1629806553366,1629806608593,54279,1969,38671,0,0,0
453,sumNetProfitGroupedBySoldDateWhereYearAfter2000,2,200,1629806608633,1629806630261,66189,938578,20921,26923302912,0,0
454,sumNetProfitGroupedBySoldDateWhereYearAfter2000,3,200,1629806630294,1629806634410,6445,1002944,146,0,0,0
455,sumNetProfitGroupedBySoldDateWhereYearAfter2000,1,1,1629806640593,1629806644773,1111,2031,238,0,0,0
456,sumNetProfitGroupedBySoldDateWhereYearAfter2000,0,1,1629806640283,1629806723631,82023,2012,36630,0,0,0
457,sumNetProfitGroupedBySoldDateWhereYearAfter2000,2,200,1629806723668,1629806740875,57405,939137,12027,26923302912,0,0
458,sumNetProfitGroupedBySoldDateWhereYearAfter2000,3,200,1629806740906,1629806744942,6040,1003030,126,0,0,0
459,sumNetProfitGroupedBySoldDateWhereYearAfter2000,1,1,1629806756615,1629806763074,3033,2074,1759,0,0,0
460,sumNetProfitGroupedBySoldDateWhereYearAfter2000,0,1,1629806756268,1629806830645,72916,1969,27093,0,0,0
461,sumNetProfitGroupedBySoldDateWhereYearAfter2000,2,200,1629806830683,1629806847296,28139,936262,4759,26923302912,0,0
462,sumNetProfitGroupedBySoldDateWhereYearAfter2000,3,200,1629806847331,1629806850943,5271,1002686,48,0,0,0
463,sumNetProfitGroupedBySoldDateWhereYearAfter2000,1,1,1629806871802,1629806875896,1037,2031,293,0,0,0
464,sumNetProfitGroupedBySoldDateWhereYearAfter2000,0,1,1629806871650,1629806920412,47678,1968,31817,0,0,0
465,sumNetProfitGroupedBySoldDateWhereYearAfter2000,2,200,1629806920449,1629806941284,61936,936373,18204,26923302912,0,0
466,sumNetProfitGroupedBySoldDateWhereYearAfter2000,3,200,1629806941313,1629806945301,6207,1002729,95,0,0,0
467,sumNetProfitGroupedBySoldDateWhereYearAfter2000,1,1,1629806967185,1629806978177,4572,2074,6832,0,0,0
468,sumNetProfitGroupedBySoldDateWhereYearAfter2000,0,1,1629806966878,1629807015582,47330,1969,31926,0,0,0
469,sumNetProfitGroupedBySoldDateWhereYearAfter2000,2,200,1629807015619,1629807030449,24941,936434,1672,26923302912,0,0
470,sumNetProfitGroupedBySoldDateWhereYearAfter2000,3,200,1629807030480,1629807034035,5392,1002858,117,0,0,0
471,sumNetProfitGroupedBySoldDateWhereYearAfter2000,1,1,1629807050061,1629807054307,1105,2031,293,0,0,0
472,sumNetProfitGroupedBySoldDateWhereYearAfter2000,0,1,1629807049711,1629807105316,54311,1968,38362,0,0,0
473,sumNetProfitGroupedBySoldDateWhereYearAfter2000,2,200,1629807105357,1629807123623,60324,939684,16145,26923302912,0,0
474,sumNetProfitGroupedBySoldDateWhereYearAfter2000,3,200,1629807123655,1629807127931,6517,1003073,219,0,0,0
475,sumNetProfitGroupedBySoldDateWhereYearAfter2000,1,1,1629807139813,1629807143897,975,2073,285,0,0,0
476,sumNetProfitGroupedBySoldDateWhereYearAfter2000,0,1,1629807139480,1629807187183,46379,1969,30451,0,0,0
477,sumNetProfitGroupedBySoldDateWhereYearAfter2000,2,200,1629807187222,1629807207462,61575,936600,19344,26923302912,0,0
478,sumNetProfitGroupedBySoldDateWhereYearAfter2000,3,200,1629807207495,1629807211339,5929,1002772,96,0,0,0
479,sumNetProfitGroupedBySoldDateWhereYearAfter2000,1,1,1629807238244,1629807242884,1264,2074,280,0,0,0
480,sumNetProfitGroupedBySoldDateWhereYearAfter2000,0,1,1629807237928,1629807286920,47697,1969,31995,0,0,0
481,sumNetProfitGroupedBySoldDateWhereYearAfter2000,2,200,1629807286960,1629807306012,58403,936557,16535,26923302912,0,0
482,sumNetProfitGroupedBySoldDateWhereYearAfter2000,3,200,1629807306046,1629807310037,6178,1002815,117,0,0,0
483,sumNetProfitGroupedBySoldDateWhereYearAfter2000,0,1,1629807326402,1629807330843,1027,2031,291,0,0,0
484,sumNetProfitGroupedBySoldDateWhereYearAfter2000,1,1,1629807326762,1629807383795,56085,1969,40229,0,0,0
485,sumNetProfitGroupedBySoldDateWhereYearAfter2000,2,200,1629807383838,1629807403741,62255,942018,16940,26923302912,0,0
486,sumNetProfitGroupedBySoldDateWhereYearAfter2000,3,200,1629807403773,1629807407761,6128,1003460,196,0,0,0
487,sumNetProfitGroupedBySoldDateWhereYearAfter2000,1,1,1629807418997,1629807423180,1031,2074,297,0,0,0
488,sumNetProfitGroupedBySoldDateWhereYearAfter2000,0,1,1629807418649,1629807467146,47135,1968,31072,0,0,0
489,sumNetProfitGroupedBySoldDateWhereYearAfter2000,2,200,1629807467186,1629807486713,60797,936545,18326,26923302912,0,0
490,sumNetProfitGroupedBySoldDateWhereYearAfter2000,3,200,1629807486743,1629807490616,6038,1002815,105,0,0,0
491,sumNetProfitGroupedBySoldDateWhereYearAfter2000,1,1,1629807469783,1629807473937,1092,2031,287,0,0,0
492,sumNetProfitGroupedBySoldDateWhereYearAfter2000,0,1,1629807469627,1629807525649,54915,1969,39099,0,0,0
493,sumNetProfitGroupedBySoldDateWhereYearAfter2000,2,200,1629807525693,1629807544037,59102,940728,15138,26923302912,0,0
494,sumNetProfitGroupedBySoldDateWhereYearAfter2000,3,200,1629807544072,1629807548153,6118,1003159,154,0,0,0
495,sumNetProfitGroupedBySoldDateWhereYearAfter2000,0,1,1629807608444,1629807613052,1098,2031,293,0,0,0
496,sumNetProfitGroupedBySoldDateWhereYearAfter2000,1,1,1629807608840,1629807657292,47442,1968,31486,0,0,0
497,sumNetProfitGroupedBySoldDateWhereYearAfter2000,2,200,1629807657336,1629807674072,55492,936502,11459,26923302912,0,0
498,sumNetProfitGroupedBySoldDateWhereYearAfter2000,3,200,1629807674105,1629807678212,6438,1002729,73,0,0,0
499,sumNetProfitGroupedBySoldDateWhereYearAfter2000,1,1,1629807689728,1629807694111,1209,2074,303,0,0,0
500,sumNetProfitGroupedBySoldDateWhereYearAfter2000,0,1,1629807689599,1629807738604,47933,1968,31908,0,0,0
501,sumNetProfitGroupedBySoldDateWhereYearAfter2000,2,200,1629807738643,1629807758255,60145,936416,16714,26923302912,0,0
502,sumNetProfitGroupedBySoldDateWhereYearAfter2000,3,200,1629807758289,1629807762202,5978,1002772,94,0,0,0
503,sumNetProfitGroupedBySoldDateWhereYearAfter2000,1,1,1629807773891,1629807780318,2574,2031,1811,0,0,0
504,sumNetProfitGroupedBySoldDateWhereYearAfter2000,0,1,1629807773574,1629807849290,74214,1969,29187,0,0,0
505,sumNetProfitGroupedBySoldDateWhereYearAfter2000,2,200,1629807849327,1629807866436,28860,936047,4538,26923302912,0,0
506,sumNetProfitGroupedBySoldDateWhereYearAfter2000,3,200,1629807866464,1629807870317,5671,1002729,76,0,0,0
507,sumNetProfitGroupedBySoldDateWhereYearAfter2000,1,1,1629807886544,1629807890649,986,2030,299,0,0,0
508,sumNetProfitGroupedBySoldDateWhereYearAfter2000,0,1,1629807886210,1629807935003,47443,1968,31580,0,0,0
509,sumNetProfitGroupedBySoldDateWhereYearAfter2000,2,200,1629807935041,1629807954257,59048,936373,16535,26923302912,0,0
510,sumNetProfitGroupedBySoldDateWhereYearAfter2000,3,200,1629807954287,1629807958331,6345,1002772,102,0,0,0
511,sumNetProfitGroupedBySoldDateWhereYearAfter2000,0,1,1629807941760,1629807946163,956,2030,286,0,0,0
512,sumNetProfitGroupedBySoldDateWhereYearAfter2000,1,1,1629807942102,1629808022954,79911,1969,33934,0,0,0
513,sumNetProfitGroupedBySoldDateWhereYearAfter2000,2,200,1629808023003,1629808040401,58300,936256,13634,26923302912,0,0
514,sumNetProfitGroupedBySoldDateWhereYearAfter2000,3,200,1629808040432,1629808044511,5986,1002772,96,0,0,0
515,sumNetProfitGroupedBySoldDateWhereYearAfter2000,1,1,1629808094155,1629808098304,1100,2031,287,0,0,0
516,sumNetProfitGroupedBySoldDateWhereYearAfter2000,0,1,1629808093783,1629808152149,57031,2012,41393,0,0,0
517,sumNetProfitGroupedBySoldDateWhereYearAfter2000,2,200,1629808152191,1629808172888,64549,937718,18902,26923302912,0,0
518,sumNetProfitGroupedBySoldDateWhereYearAfter2000,3,200,1629808172920,1629808176715,5831,1002858,116,0,0,0
519,sumNetProfitGroupedBySoldDateWhereYearAfter2000,1,1,1629808203895,1629808207954,991,2031,293,0,0,0
520,sumNetProfitGroupedBySoldDateWhereYearAfter2000,0,1,1629808203559,1629808288473,83534,1969,37883,0,0,0
521,sumNetProfitGroupedBySoldDateWhereYearAfter2000,2,200,1629808288514,1629808306165,57237,937675,12493,26923302912,0,0
522,sumNetProfitGroupedBySoldDateWhereYearAfter2000,3,200,1629808306197,1629808310553,6524,1002901,110,0,0,0
523,sumNetProfitGroupedBySoldDateWhereYearAfter2000,1,1,1629808318768,1629808322928,988,2031,317,0,0,0
524,sumNetProfitGroupedBySoldDateWhereYearAfter2000,0,1,1629808318610,1629808375338,55526,1968,39674,0,0,0
525,sumNetProfitGroupedBySoldDateWhereYearAfter2000,2,200,1629808375377,1629808392786,58883,939729,13467,26923302912,0,0
526,sumNetProfitGroupedBySoldDateWhereYearAfter2000,3,200,1629808392818,1629808396923,6414,1003073,154,0,0,0
527,sumNetProfitGroupedBySoldDateWhereYearAfter2000,1,1,1629808411579,1629808415670,1060,2031,264,0,0,0
528,sumNetProfitGroupedBySoldDateWhereYearAfter2000,0,1,1629808411204,1629808459735,47161,1969,30951,0,0,0
529,sumNetProfitGroupedBySoldDateWhereYearAfter2000,2,200,1629808459772,1629808476633,55992,937075,13232,26923302912,0,0
530,sumNetProfitGroupedBySoldDateWhereYearAfter2000,3,200,1629808476667,1629808480642,6143,1002858,128,0,0,0
531,sumNetProfitGroupedBySoldDateWhereYearAfter2000,0,1,1629808492482,1629808497050,1107,2073,284,0,0,0
532,sumNetProfitGroupedBySoldDateWhereYearAfter2000,1,1,1629808492855,1629808540962,47146,1969,31404,0,0,0
533,sumNetProfitGroupedBySoldDateWhereYearAfter2000,2,200,1629808541001,1629808558183,58354,936858,14054,26923302912,0,0
534,sumNetProfitGroupedBySoldDateWhereYearAfter2000,3,200,1629808558218,1629808562058,5907,1002815,113,0,0,0
535,sumNetProfitGroupedBySoldDateWhereYearAfter2000,1,1,1629808583212,1629808593151,3988,2031,6023,0,0,0
536,sumNetProfitGroupedBySoldDateWhereYearAfter2000,0,1,1629808582880,1629808632189,47923,1969,32480,0,0,0
537,sumNetProfitGroupedBySoldDateWhereYearAfter2000,2,200,1629808632229,1629808647406,25817,936778,3038,26923302912,0,0
538,sumNetProfitGroupedBySoldDateWhereYearAfter2000,3,200,1629808647434,1629808650990,5430,1002944,146,0,0,0
539,sumNetProfitGroupedBySoldDateWhereYearAfter2000,1,1,1629808668884,1629808673103,1078,2031,307,0,0,0
540,sumNetProfitGroupedBySoldDateWhereYearAfter2000,0,1,1629808668544,1629808717545,47733,1968,31480,0,0,0
541,sumNetProfitGroupedBySoldDateWhereYearAfter2000,2,200,1629808717582,1629808734304,55884,936805,12984,26923302912,0,0
542,sumNetProfitGroupedBySoldDateWhereYearAfter2000,3,200,1629808734335,1629808738343,6183,1002729,68,0,0,0
543,sumNetProfitGroupedBySoldDateWhereYearAfter2000,1,1,1629808721254,1629808725368,1026,2031,294,0,0,0
544,sumNetProfitGroupedBySoldDateWhereYearAfter2000,0,1,1629808721087,1629808779380,57156,1968,41235,0,0,0
545,sumNetProfitGroupedBySoldDateWhereYearAfter2000,2,200,1629808779422,1629808802656,69638,937620,23642,26923302912,0,0
546,sumNetProfitGroupedBySoldDateWhereYearAfter2000,3,200,1629808802687,1629808806700,5993,1002858,116,0,0,0
547,sumNetProfitGroupedBySoldDateWhereYearAfter2000,1,1,1629808862188,1629808866339,1026,2030,291,0,0,0
548,sumNetProfitGroupedBySoldDateWhereYearAfter2000,0,1,1629808862034,1629808910386,47226,1969,31383,0,0,0
549,sumNetProfitGroupedBySoldDateWhereYearAfter2000,2,200,1629808910428,1629808930264,59541,936643,16877,26923302912,0,0
550,sumNetProfitGroupedBySoldDateWhereYearAfter2000,3,200,1629808930297,1629808934261,5904,1002686,56,0,0,0
551,maxNetProfitGroupedBySoldDateWhereYearAfter2000,1,1,1629808913677,1629808917735,940,2031,296,0,0,0
552,maxNetProfitGroupedBySoldDateWhereYearAfter2000,0,1,1629808913323,1629808959882,45239,1969,29437,0,0,0
553,maxNetProfitGroupedBySoldDateWhereYearAfter2000,2,200,1629808959928,1629808976999,56034,937976,12636,26923302912,0,0
554,maxNetProfitGroupedBySoldDateWhereYearAfter2000,3,200,1629808977030,1629808981172,6175,1003030,146,0,0,0
555,maxNetProfitGroupedBySoldDateWhereYearAfter2000,1,1,1629809031661,1629809035691,976,2031,288,0,0,0
556,maxNetProfitGroupedBySoldDateWhereYearAfter2000,0,1,1629809031525,1629809109906,77237,1969,31892,0,0,0
557,maxNetProfitGroupedBySoldDateWhereYearAfter2000,2,200,1629809109943,1629809127186,57437,937546,11792,26923302912,0,0
558,maxNetProfitGroupedBySoldDateWhereYearAfter2000,3,200,1629809127214,1629809131227,5989,1002858,108,0,0,0
559,maxNetProfitGroupedBySoldDateWhereYearAfter2000,1,1,1629809157382,1629809163831,2897,2031,1790,0,0,0
560,maxNetProfitGroupedBySoldDateWhereYearAfter2000,0,1,1629809157054,1629809229638,71133,1969,26145,0,0,0
561,maxNetProfitGroupedBySoldDateWhereYearAfter2000,2,200,1629809229680,1629809245049,25683,936735,1809,26923302912,0,0
562,maxNetProfitGroupedBySoldDateWhereYearAfter2000,3,200,1629809245078,1629809248922,5684,1002944,162,0,0,0
563,maxNetProfitGroupedBySoldDateWhereYearAfter2000,1,1,1629809255161,1629809259490,1245,2074,301,0,0,0
564,maxNetProfitGroupedBySoldDateWhereYearAfter2000,0,1,1629809255008,1629809303356,47228,1968,30958,0,0,0
565,maxNetProfitGroupedBySoldDateWhereYearAfter2000,2,200,1629809303397,1629809322715,60366,936289,16743,26923302912,0,0
566,maxNetProfitGroupedBySoldDateWhereYearAfter2000,3,200,1629809322751,1629809326663,6084,1002858,144,0,0,0
567,maxNetProfitGroupedBySoldDateWhereYearAfter2000,1,1,1629809354119,1629809358872,1343,2074,285,0,0,0
568,maxNetProfitGroupedBySoldDateWhereYearAfter2000,0,1,1629809353986,1629809402686,47605,1968,31496,0,0,0
569,maxNetProfitGroupedBySoldDateWhereYearAfter2000,2,200,1629809402727,1629809419584,57186,936846,13562,26923302912,0,0
570,maxNetProfitGroupedBySoldDateWhereYearAfter2000,3,200,1629809419621,1629809423402,5782,1002815,118,0,0,0
571,maxNetProfitGroupedBySoldDateWhereYearAfter2000,1,1,1629809425348,1629809431737,2563,2074,1806,0,0,0
572,maxNetProfitGroupedBySoldDateWhereYearAfter2000,0,1,1629809424980,1629809499592,73054,1969,28866,0,0,0
573,maxNetProfitGroupedBySoldDateWhereYearAfter2000,2,200,1629809499632,1629809517757,30752,936176,6273,26923302912,0,0
574,maxNetProfitGroupedBySoldDateWhereYearAfter2000,3,200,1629809517787,1629809521533,5293,1002643,31,0,0,0
575,maxNetProfitGroupedBySoldDateWhereYearAfter2000,1,1,1629809509924,1629809514057,1030,2031,310,0,0,0
576,maxNetProfitGroupedBySoldDateWhereYearAfter2000,0,1,1629809509550,1629809558159,47280,1969,31663,0,0,0
577,maxNetProfitGroupedBySoldDateWhereYearAfter2000,2,200,1629809558200,1629809575549,57438,937116,12642,26923302912,0,0
578,maxNetProfitGroupedBySoldDateWhereYearAfter2000,3,200,1629809575581,1629809579562,5875,1002944,125,0,0,0
579,maxNetProfitGroupedBySoldDateWhereYearAfter2000,1,1,1629809634535,1629809638641,1071,2030,274,0,0,0
580,maxNetProfitGroupedBySoldDateWhereYearAfter2000,0,1,1629809634205,1629809682368,46889,1969,30991,0,0,0
581,maxNetProfitGroupedBySoldDateWhereYearAfter2000,2,200,1629809682406,1629809699835,56376,936557,14180,26923302912,0,0
582,maxNetProfitGroupedBySoldDateWhereYearAfter2000,3,200,1629809699864,1629809703617,5802,1002729,93,0,0,0
583,maxNetProfitGroupedBySoldDateWhereYearAfter2000,1,1,1629809714918,1629809718978,1032,2074,270,0,0,0
584,maxNetProfitGroupedBySoldDateWhereYearAfter2000,0,1,1629809714588,1629809793663,77687,1969,32447,0,0,0
585,maxNetProfitGroupedBySoldDateWhereYearAfter2000,2,200,1629809793700,1629809811097,54541,936342,10625,26923302912,0,0
586,maxNetProfitGroupedBySoldDateWhereYearAfter2000,3,200,1629809811124,1629809815268,6159,1002815,97,0,0,0
587,maxNetProfitGroupedBySoldDateWhereYearAfter2000,1,1,1629809833015,1629809837537,1154,2074,263,0,0,0
588,maxNetProfitGroupedBySoldDateWhereYearAfter2000,0,1,1629809832881,1629809910073,76147,1969,30365,0,0,0
589,maxNetProfitGroupedBySoldDateWhereYearAfter2000,2,200,1629809910116,1629809927347,56950,936430,11858,26923302912,0,0
590,maxNetProfitGroupedBySoldDateWhereYearAfter2000,3,200,1629809927378,1629809931463,6122,1002772,97,0,0,0
591,maxNetProfitGroupedBySoldDateWhereYearAfter2000,1,1,1629809946027,1629809950622,1193,2074,289,0,0,0
592,maxNetProfitGroupedBySoldDateWhereYearAfter2000,0,1,1629809945893,1629809993581,46599,1969,30611,0,0,0
593,maxNetProfitGroupedBySoldDateWhereYearAfter2000,2,200,1629809993618,1629810013010,60198,936602,17325,26923302912,0,0
594,maxNetProfitGroupedBySoldDateWhereYearAfter2000,3,200,1629810013040,1629810016801,5759,1002772,102,0,0,0
595,maxNetProfitGroupedBySoldDateWhereYearAfter2000,1,1,1629810033276,1629810038546,1485,2074,808,0,0,0
596,maxNetProfitGroupedBySoldDateWhereYearAfter2000,0,1,1629810032937,1629810116858,82409,1969,37643,0,0,0
597,maxNetProfitGroupedBySoldDateWhereYearAfter2000,2,200,1629810116897,1629810134802,30413,936520,6582,26923302912,0,0
598,maxNetProfitGroupedBySoldDateWhereYearAfter2000,3,200,1629810134829,1629810138664,5576,1002815,118,0,0,0
599,maxNetProfitGroupedBySoldDateWhereYearAfter2000,1,1,1629810155133,1629810159456,1206,2074,277,0,0,0
600,maxNetProfitGroupedBySoldDateWhereYearAfter2000,0,1,1629810154979,1629810202408,46320,1968,30103,0,0,0
601,maxNetProfitGroupedBySoldDateWhereYearAfter2000,2,200,1629810202446,1629810219272,57074,936588,13686,26923302912,0,0
602,maxNetProfitGroupedBySoldDateWhereYearAfter2000,3,200,1629810219304,1629810223378,6398,1002729,70,0,0,0
603,maxNetProfitGroupedBySoldDateWhereYearAfter2000,1,1,1629810240103,1629810249741,4005,2030,5846,0,0,0
604,maxNetProfitGroupedBySoldDateWhereYearAfter2000,0,1,1629810239718,1629810288552,47364,1968,32343,0,0,0
605,maxNetProfitGroupedBySoldDateWhereYearAfter2000,2,200,1629810288590,1629810303626,25421,936234,1726,26923302912,0,0
606,maxNetProfitGroupedBySoldDateWhereYearAfter2000,3,200,1629810303657,1629810307203,5374,1002858,122,0,0,0
607,maxNetProfitGroupedBySoldDateWhereYearAfter2000,1,1,1629810328468,1629810332498,949,2030,286,0,0,0
608,maxNetProfitGroupedBySoldDateWhereYearAfter2000,0,1,1629810328150,1629810377614,48192,1969,31900,0,0,0
609,maxNetProfitGroupedBySoldDateWhereYearAfter2000,2,200,1629810377655,1629810394636,56240,936901,12317,26923302912,0,0
610,maxNetProfitGroupedBySoldDateWhereYearAfter2000,3,200,1629810394670,1629810398541,5701,1002901,139,0,0,0
611,maxNetProfitGroupedBySoldDateWhereYearAfter2000,1,1,1629810410061,1629810414216,1057,2031,301,0,0,0
612,maxNetProfitGroupedBySoldDateWhereYearAfter2000,0,1,1629810409740,1629810463393,52358,1969,36640,0,0,0
613,maxNetProfitGroupedBySoldDateWhereYearAfter2000,2,200,1629810463437,1629810481617,59964,938064,15145,26923302912,0,0
614,maxNetProfitGroupedBySoldDateWhereYearAfter2000,3,200,1629810481652,1629810485593,6126,1002901,113,0,0,0
615,maxNetProfitGroupedBySoldDateWhereYearAfter2000,1,1,1629810504336,1629810508493,1057,2031,307,0,0,0
616,maxNetProfitGroupedBySoldDateWhereYearAfter2000,0,1,1629810503933,1629810585587,80262,1969,34654,0,0,0
617,maxNetProfitGroupedBySoldDateWhereYearAfter2000,2,200,1629810585626,1629810604990,58438,936258,15282,26923302912,0,0
618,maxNetProfitGroupedBySoldDateWhereYearAfter2000,3,200,1629810605021,1629810609108,6144,1002686,318,0,0,0
619,maxNetProfitGroupedBySoldDateWhereYearAfter2000,1,1,1629810624024,1629810628179,1087,2031,302,0,0,0
620,maxNetProfitGroupedBySoldDateWhereYearAfter2000,0,1,1629810623885,1629810668588,43599,1968,27915,0,0,0
621,maxNetProfitGroupedBySoldDateWhereYearAfter2000,2,200,1629810668631,1629810685666,57604,936547,12494,26923302912,0,0
622,maxNetProfitGroupedBySoldDateWhereYearAfter2000,3,200,1629810685699,1629810689698,6216,1002858,134,0,0,0
623,maxNetProfitGroupedBySoldDateWhereYearAfter2000,1,1,1629810674121,1629810678517,1031,2031,321,0,0,0
624,maxNetProfitGroupedBySoldDateWhereYearAfter2000,0,1,1629810673738,1629810722322,47201,1968,31338,0,0,0
625,maxNetProfitGroupedBySoldDateWhereYearAfter2000,2,200,1629810722363,1629810742406,61612,936459,19068,26923302912,0,0
626,maxNetProfitGroupedBySoldDateWhereYearAfter2000,3,200,1629810742441,1629810746645,6274,1002772,100,0,0,0
627,maxNetProfitGroupedBySoldDateWhereYearAfter2000,1,1,1629810797340,1629810801626,1181,2031,301,0,0,0
628,maxNetProfitGroupedBySoldDateWhereYearAfter2000,0,1,1629810797197,1629810848242,49910,1969,34647,0,0,0
629,maxNetProfitGroupedBySoldDateWhereYearAfter2000,2,200,1629810848280,1629810867796,60927,937677,16276,26923302912,0,0
630,maxNetProfitGroupedBySoldDateWhereYearAfter2000,3,200,1629810867826,1629810871547,5675,1002815,104,0,0,0
631,maxNetProfitGroupedBySoldDateWhereYearAfter2000,1,1,1629810888718,1629810895966,1356,2031,3300,0,0,0
632,maxNetProfitGroupedBySoldDateWhereYearAfter2000,0,1,1629810888585,1629810936517,46784,1969,31835,0,0,0
633,maxNetProfitGroupedBySoldDateWhereYearAfter2000,2,200,1629810936553,1629810953766,29359,937423,5672,26923302912,0,0
634,maxNetProfitGroupedBySoldDateWhereYearAfter2000,3,200,1629810953795,1629810957417,5554,1002944,158,0,0,0
635,maxNetProfitGroupedBySoldDateWhereYearAfter2000,1,1,1629810973795,1629810977865,986,2031,259,0,0,0
636,maxNetProfitGroupedBySoldDateWhereYearAfter2000,0,1,1629810973459,1629811022275,47553,1968,31750,0,0,0
637,maxNetProfitGroupedBySoldDateWhereYearAfter2000,2,200,1629811022313,1629811041064,57270,936373,15564,26923302912,0,0
638,maxNetProfitGroupedBySoldDateWhereYearAfter2000,3,200,1629811041095,1629811044950,5912,1002729,87,0,0,0
639,maxNetProfitGroupedBySoldDateWhereYearAfter2000,1,1,1629811060363,1629811065039,1316,2074,302,0,0,0
640,maxNetProfitGroupedBySoldDateWhereYearAfter2000,0,1,1629811060030,1629811116929,55635,1968,39820,0,0,0
641,maxNetProfitGroupedBySoldDateWhereYearAfter2000,2,200,1629811116973,1629811134248,56841,939643,12818,26923302912,0,0
642,maxNetProfitGroupedBySoldDateWhereYearAfter2000,3,200,1629811134280,1629811138578,6795,1003030,115,0,0,0
643,maxNetProfitGroupedBySoldDateWhereYearAfter2000,1,1,1629811154804,1629811158809,965,2030,289,0,0,0
644,maxNetProfitGroupedBySoldDateWhereYearAfter2000,0,1,1629811154660,1629811202780,46962,1969,31239,0,0,0
645,maxNetProfitGroupedBySoldDateWhereYearAfter2000,2,200,1629811202819,1629811222709,61714,936473,19456,26923302912,0,0
646,maxNetProfitGroupedBySoldDateWhereYearAfter2000,3,200,1629811222745,1629811226931,6465,1002815,122,0,0,0
647,maxNetProfitGroupedBySoldDateWhereYearAfter2000,1,1,1629811249716,1629811253827,988,2031,291,0,0,0
648,maxNetProfitGroupedBySoldDateWhereYearAfter2000,0,1,1629811249382,1629811300698,50010,1968,34045,0,0,0
649,maxNetProfitGroupedBySoldDateWhereYearAfter2000,2,200,1629811300736,1629811318206,58168,937147,12488,26923302912,0,0
650,maxNetProfitGroupedBySoldDateWhereYearAfter2000,3,200,1629811318240,1629811322208,6086,1002815,91,0,0,0
